state,cx,cy,area,x,y,width,height,aspectratio,extent,solidity,angle
none,2828.0,4051.0,0.14062499999999997,2822.0,4044.0,0.40178571428571425,0.42857142857142855,0.9375,0.8166666666666665,1.0,36.96052169799805
none,2438.0,4050.0,0.13058035714285712,2432.0,4044.0,0.40178571428571425,0.40178571428571425,1.0,0.808888888888889,1.0,45.0
none,2013.0,4048.0,0.19694674744897955,2006.0,4039.0,0.45535714285714285,0.5625,0.8095238095238095,0.7689075630252099,0.9751332149200711,38.454864501953125
none,1480.0,4048.0,0.21380739795918363,1473.0,4039.0,0.4821428571428571,0.5892857142857143,0.8181818181818181,0.7525252525252525,0.9754500818330606,37.22547912597656
none,2182.0,4047.0,0.20053411989795913,2175.0,4038.0,0.4821428571428571,0.5625,0.8571428571428571,0.7394179894179894,0.9688041594454072,49.50938415527344
none,3022.0,4029.0,0.20663265306122444,3015.0,4020.0,0.4821428571428571,0.5625,0.8571428571428571,0.7619047619047619,0.9812606473594547,44.41490173339844
none,2632.0,4029.0,0.20663265306122444,2625.0,4020.0,0.4821428571428571,0.5625,0.8571428571428571,0.7619047619047619,0.9812606473594547,44.41490173339844
none,2827.0,4021.0,0.1061862244897959,2822.0,4015.0,0.3482142857142857,0.375,0.9285714285714285,0.813186813186813,0.9932885906040269,19.656850814819336
none,2437.0,4020.0,0.09901147959183672,2432.0,4015.0,0.3482142857142857,0.3482142857142857,1.0,0.8165680473372781,1.0,45.0
none,394.0,3995.0,0.1675302933673469,387.0,3987.0,0.42857142857142855,0.4821428571428571,0.888888888888889,0.8107638888888887,0.9708939708939709,27.783485412597656
none,3424.0,3970.0,0.2403539540816326,3417.0,3961.0,0.5089285714285714,0.6160714285714285,0.8260869565217391,0.7665903890160183,0.9852941176470588,24.039518356323242
none,1247.0,3971.0,0.2586495535714285,1239.0,3961.0,0.5357142857142857,0.6428571428571428,0.8333333333333334,0.7510416666666665,0.9809523809523809,23.60011100769043
none,869.0,3970.0,0.2403539540816326,862.0,3961.0,0.5089285714285714,0.6160714285714285,0.8260869565217391,0.7665903890160183,0.9852941176470588,24.039518356323242
none,186.0,3971.0,0.2694116709183673,178.0,3961.0,0.5357142857142857,0.6696428571428571,0.8,0.751,0.9829842931937173,21.436208724975586
none,393.0,3964.0,0.11443718112244895,387.0,3958.0,0.375,0.375,1.0,0.8137755102040815,1.0,45.0
1,2198.0,3963.0,1.1698421556122447,2174.0,3943.0,1.3660714285714284,1.125,1.2142857142857142,0.761204481792717,0.9705357142857144,69.51570129394531
1,2030.0,3963.0,1.1626674107142856,2006.0,3943.0,1.3392857142857142,1.125,1.1904761904761905,0.7716666666666667,0.9762048192771084,70.40451049804688
1,1497.0,3963.0,1.1770169005102038,1473.0,3943.0,1.3660714285714284,1.125,1.2142857142857142,0.7658730158730158,0.9709973364900858,71.19438171386719
1,1652.0,3963.0,1.2243702168367345,1629.0,3942.0,1.3392857142857142,1.1785714285714286,1.1363636363636362,0.7756818181818181,0.9776568318533373,66.9649658203125
f,42.0,3959.0,0.7329001913265305,29.0,3940.0,0.8571428571428571,1.1785714285714286,0.7272727272727272,0.7254971590909091,0.9700854700854701,43.46734619140625
none,3266.0,3944.0,0.11658960459183672,3260.0,3938.0,0.375,0.375,1.0,0.8290816326530611,1.0,135.0
none,3090.0,3945.0,0.12771045918367344,3083.0,3938.0,0.40178571428571425,0.40178571428571425,1.0,0.7911111111111111,1.0,0.0
none,2700.0,3945.0,0.12771045918367344,2693.0,3938.0,0.40178571428571425,0.40178571428571425,1.0,0.7911111111111111,1.0,0.0
1,3216.0,3944.0,1.263472576530612,3192.0,3923.0,1.3392857142857142,1.1785714285714286,1.1363636363636362,0.8004545454545454,0.9565453557848996,52.76778030395508
1,3039.0,3944.0,1.2663424744897958,3015.0,3923.0,1.3392857142857142,1.1785714285714286,1.1363636363636362,0.8022727272727272,0.9545700378583019,52.65713882446289
1,2846.0,3944.0,1.2663424744897958,2822.0,3923.0,1.3392857142857142,1.1785714285714286,1.1363636363636362,0.8022727272727272,0.9545700378583019,52.65713882446289
1,2649.0,3944.0,1.2663424744897958,2625.0,3923.0,1.3392857142857142,1.1785714285714286,1.1363636363636362,0.8022727272727272,0.9545700378583019,52.65713882446289
1,2455.0,3944.0,1.2598852040816324,2431.0,3923.0,1.3660714285714284,1.1785714285714286,1.159090909090909,0.7825311942959001,0.9540885628905189,50.76952362060547
none,1881.0,3906.0,0.28196747448979587,1871.0,3896.0,0.5892857142857143,0.6160714285714285,0.9565217391304349,0.7766798418972332,0.9812734082397003,156.4504852294922
1,2846.0,3888.0,1.1594387755102038,2822.0,3868.0,1.3660714285714284,1.125,1.2142857142857142,0.7544351073762837,0.9841656516443362,66.19547271728516
1,2455.0,3888.0,1.1554926658163263,2431.0,3868.0,1.3660714285714284,1.125,1.2142857142857142,0.7518674136321194,0.9829111992676227,65.85297393798828
1,2199.0,3888.0,1.1547751913265303,2174.0,3868.0,1.3660714285714284,1.125,1.2142857142857142,0.7514005602240895,0.9820012202562537,66.18960571289062
1,2030.0,3888.0,1.1461654974489794,2006.0,3868.0,1.3392857142857142,1.125,1.1904761904761905,0.7607142857142857,0.9845916795069338,65.42545318603516
1,1032.0,3888.0,1.1741470025510201,1008.0,3868.0,1.3660714285714284,1.125,1.2142857142857142,0.7640056022408962,0.9749776586237712,70.74103546142578
1,410.0,3888.0,1.1698421556122447,386.0,3868.0,1.3660714285714284,1.125,1.2142857142857142,0.761204481792717,0.9722719141323792,69.14256286621094
1,1653.0,3888.0,1.2075095663265303,1629.0,3867.0,1.3392857142857142,1.1785714285714286,1.1363636363636362,0.7649999999999998,0.9830607476635512,60.8238525390625
none,3759.0,3869.0,0.11658960459183672,3753.0,3863.0,0.375,0.375,1.0,0.8290816326530611,1.0,45.0
none,1083.0,3870.0,0.12771045918367344,1076.0,3863.0,0.40178571428571425,0.40178571428571425,1.0,0.7911111111111111,1.0,0.0
none,700.0,3869.0,0.11551339285714284,694.0,3863.0,0.375,0.375,1.0,0.8214285714285713,1.0,0.0
none,253.0,3870.0,0.12771045918367344,246.0,3863.0,0.40178571428571425,0.40178571428571425,1.0,0.7911111111111111,1.0,0.0
2,3440.0,3869.0,2.3059630102040813,3416.0,3830.0,1.3660714285714284,2.142857142857143,0.6375,0.7877450980392157,0.909708463062553,5.203606128692627
1,3039.0,3850.0,1.1601562499999998,3015.0,3830.0,1.3660714285714284,1.125,1.2142857142857142,0.7549019607843137,0.9832775919732442,66.33057403564453
1,2649.0,3850.0,1.1601562499999998,2625.0,3830.0,1.3660714285714284,1.125,1.2142857142857142,0.7549019607843137,0.9832775919732442,66.33057403564453
2,1263.0,3869.0,2.2926897321428568,1239.0,3830.0,1.3392857142857142,2.142857142857143,0.625,0.7988749999999999,0.9186430932873365,5.081249237060547
2,885.0,3869.0,2.3059630102040813,861.0,3830.0,1.3660714285714284,2.142857142857143,0.6375,0.7877450980392157,0.909708463062553,5.203606128692627
2,650.0,3869.0,2.284438775510204,626.0,3830.0,1.3392857142857142,2.142857142857143,0.625,0.7959999999999999,0.9195667870036102,4.14632511138916
2,202.0,3869.0,2.318160076530612,178.0,3830.0,1.3660714285714284,2.142857142857143,0.6375,0.7919117647058823,0.9130987706655362,4.850409507751465
2,3702.0,3870.0,2.3698182397959178,3678.0,3829.0,1.3392857142857142,2.196428571428571,0.6097560975609756,0.8056097560975609,0.9304225352112675,3.9039318561553955
none,3759.0,3832.0,0.11658960459183672,3753.0,3826.0,0.375,0.375,1.0,0.8290816326530611,1.0,135.0
none,3266.0,3832.0,0.11658960459183672,3260.0,3826.0,0.375,0.375,1.0,0.8290816326530611,1.0,45.0
none,700.0,3832.0,0.11551339285714284,694.0,3826.0,0.375,0.375,1.0,0.8214285714285713,1.0,0.0
none,3090.0,3832.0,0.12771045918367344,3083.0,3825.0,0.40178571428571425,0.40178571428571425,1.0,0.7911111111111111,1.0,0.0
none,2700.0,3832.0,0.12771045918367344,2693.0,3825.0,0.40178571428571425,0.40178571428571425,1.0,0.7911111111111111,1.0,0.0
none,1083.0,3832.0,0.12771045918367344,1076.0,3825.0,0.40178571428571425,0.40178571428571425,1.0,0.7911111111111111,1.0,0.0
none,253.0,3832.0,0.12771045918367344,246.0,3825.0,0.40178571428571425,0.40178571428571425,1.0,0.7911111111111111,1.0,0.0
1,3215.0,3833.0,1.230110012755102,3192.0,3812.0,1.3392857142857142,1.1517857142857142,1.1627906976744187,0.7974418604651162,0.98224004583214,53.032020568847656
1,1497.0,3833.0,1.2024872448979589,1473.0,3812.0,1.3392857142857142,1.1517857142857142,1.1627906976744187,0.77953488372093,0.9747019482407676,57.75346374511719
1,1032.0,3833.0,1.2024872448979589,1008.0,3812.0,1.3392857142857142,1.1517857142857142,1.1627906976744187,0.77953488372093,0.9747019482407676,57.75346374511719
1,410.0,3813.0,1.157286352040816,386.0,3793.0,1.3660714285714284,1.125,1.2142857142857142,0.7530345471521941,0.9829372333942717,66.06552124023438
none,3022.0,3612.0,0.20663265306122444,3015.0,3603.0,0.4821428571428571,0.5625,0.8571428571428571,0.7619047619047619,0.9812606473594547,44.41490173339844
none,2632.0,3612.0,0.20663265306122444,2625.0,3603.0,0.4821428571428571,0.5625,0.8571428571428571,0.7619047619047619,0.9812606473594547,44.41490173339844
none,1480.0,3581.0,0.21380739795918363,1473.0,3572.0,0.4821428571428571,0.5892857142857143,0.8181818181818181,0.7525252525252525,0.9754500818330606,37.22547912597656
none,1246.0,3562.0,0.2044802295918367,1239.0,3553.0,0.4821428571428571,0.5625,0.8571428571428571,0.753968253968254,0.976027397260274,44.21722412109375
none,185.0,3556.0,0.21380739795918363,178.0,3547.0,0.4821428571428571,0.5892857142857143,0.8181818181818181,0.7525252525252525,0.9754500818330606,37.22547149658203
none,869.0,3542.0,0.18833705357142855,862.0,3534.0,0.45535714285714285,0.5357142857142857,0.85,0.7720588235294117,0.9813084112149533,43.51617431640625
1,3441.0,3514.0,1.1569276147959182,3416.0,3495.0,1.3660714285714284,1.125,1.2142857142857142,0.7528011204481793,0.9832317073170732,65.82494354248047
1,3217.0,3515.0,1.1533402423469385,3192.0,3495.0,1.3660714285714284,1.125,1.2142857142857142,0.7504668534080298,0.9816793893129772,66.29850006103516
1,3039.0,3515.0,1.176658163265306,3015.0,3495.0,1.3660714285714284,1.125,1.2142857142857142,0.7656395891690009,0.9793968348760824,66.1274185180664
1,2847.0,3515.0,1.1533402423469385,2822.0,3495.0,1.3660714285714284,1.125,1.2142857142857142,0.7504668534080298,0.9816793893129772,66.29850006103516
1,2649.0,3515.0,1.176658163265306,2625.0,3495.0,1.3660714285714284,1.125,1.2142857142857142,0.7656395891690009,0.9793968348760824,66.1274185180664
1,2456.0,3514.0,1.1569276147959182,2431.0,3495.0,1.3660714285714284,1.125,1.2142857142857142,0.7528011204481793,0.9832317073170732,65.82494354248047
1,3703.0,3515.0,1.2071508290816324,3679.0,3493.0,1.3392857142857142,1.2053571428571428,1.1111111111111112,0.7477777777777778,0.9819083746717245,60.598289489746094
none,3759.0,3496.0,0.11551339285714284,3753.0,3490.0,0.375,0.375,1.0,0.8214285714285713,1.0,0.0
none,3266.0,3496.0,0.11551339285714284,3260.0,3490.0,0.375,0.375,1.0,0.8214285714285713,1.0,0.0
none,3121.0,3496.0,0.11551339285714284,3115.0,3490.0,0.375,0.375,1.0,0.8214285714285713,1.0,0.0
none,2731.0,3496.0,0.11551339285714284,2725.0,3490.0,0.375,0.375,1.0,0.8214285714285713,1.0,0.0
1,2200.0,3495.0,1.2139668367346936,2175.0,3475.0,1.3392857142857142,1.1517857142857142,1.1627906976744187,0.7869767441860465,0.9814385150812064,54.02741622924805
1,1653.0,3496.0,1.2537866709183672,1629.0,3475.0,1.3392857142857142,1.1785714285714286,1.1363636363636362,0.7943181818181817,0.9662703898258225,60.1611213684082
1,1497.0,3495.0,1.2243702168367345,1473.0,3475.0,1.3660714285714284,1.1517857142857142,1.1860465116279069,0.7781577747378021,0.9565582959641256,65.75443267822266
f,2145.0,3491.0,0.7354113520408162,2132.0,3473.0,0.8303571428571428,1.1517857142857142,0.7209302325581396,0.7689422355588897,0.9827420901246405,50.39956283569336
1,1263.0,3477.0,1.1687659438775508,1239.0,3457.0,1.3392857142857142,1.125,1.1904761904761905,0.7757142857142857,0.9757412398921834,70.51070404052734
f,1209.0,3473.0,0.7329001913265305,1196.0,3454.0,0.8571428571428571,1.1785714285714286,0.7272727272727272,0.7254971590909091,0.9765774378585086,44.00165939331055
none,3759.0,3459.0,0.12771045918367344,3752.0,3452.0,0.40178571428571425,0.40178571428571425,1.0,0.7911111111111111,1.0,0.0
none,1083.0,3459.0,0.12771045918367344,1076.0,3452.0,0.40178571428571425,0.40178571428571425,1.0,0.7911111111111111,1.0,0.0
none,700.0,3459.0,0.12340561224489793,694.0,3452.0,0.375,0.40178571428571425,0.9333333333333335,0.8190476190476189,0.9942196531791907,90.0
none,253.0,3459.0,0.12771045918367344,246.0,3452.0,0.40178571428571425,0.40178571428571425,1.0,0.7911111111111111,1.0,0.0
1,3442.0,3458.0,1.2588089923469385,3417.0,3438.0,1.3392857142857142,1.1517857142857142,1.1627906976744187,0.8160465116279069,0.9642758999725198,54.09506607055664
2,2031.0,3476.0,2.380221619897959,2006.0,3438.0,1.3392857142857142,2.142857142857143,0.625,0.829375,0.9395355423392807,5.246596813201904
1,1032.0,3458.0,1.245894451530612,1008.0,3438.0,1.3392857142857142,1.1517857142857142,1.1627906976744187,0.8076744186046512,0.9593922651933702,57.12158966064453
1,885.0,3458.0,1.2419483418367345,861.0,3438.0,1.3660714285714284,1.1517857142857142,1.1860465116279069,0.7893296853625171,0.9584717607973422,52.30574417114258
1,650.0,3459.0,1.2329799107142854,626.0,3438.0,1.3392857142857142,1.1517857142857142,1.1627906976744187,0.7993023255813952,0.9600558659217876,57.76639938354492
1,203.0,3458.0,1.26383131377551,178.0,3438.0,1.3660714285714284,1.1517857142857142,1.1860465116279069,0.8032375740994072,0.9748201438848921,47.37253189086914
1,3703.0,3458.0,1.2835618622448977,3679.0,3437.0,1.3392857142857142,1.2053571428571428,1.1111111111111112,0.795111111111111,0.9561731694281134,58.80283737182617
1,3217.0,3440.0,1.1648198341836733,3192.0,3420.0,1.3660714285714284,1.125,1.2142857142857142,0.7579365079365079,0.9750750750750752,69.24018096923828
1,2200.0,3440.0,1.1644610969387752,2175.0,3420.0,1.3392857142857142,1.125,1.1904761904761905,0.7728571428571428,0.9812575574365174,70.61914825439453
none,3266.0,3421.0,0.11551339285714284,3260.0,3415.0,0.375,0.375,1.0,0.8214285714285713,1.0,0.0
none,3066.0,3418.0,0.2130899234693877,3059.0,3407.0,0.4821428571428571,0.5892857142857143,0.8181818181818181,0.75,0.9737704918032787,140.77316284179688
none,2676.0,3418.0,0.2130899234693877,2669.0,3407.0,0.4821428571428571,0.5892857142857143,0.8181818181818181,0.75,0.9737704918032787,140.77316284179688
1,2847.0,3421.0,1.2649075255102038,2822.0,3400.0,1.3392857142857142,1.1785714285714286,1.1363636363636362,0.8013636363636362,0.963651270839027,52.10996627807617
1,2457.0,3421.0,1.2788982780612241,2432.0,3400.0,1.3392857142857142,1.1785714285714286,1.1363636363636362,0.8102272727272726,0.9611755190078188,50.62478256225586
2,412.0,3439.0,2.4419244260204076,387.0,3400.0,1.3392857142857142,2.169642857142857,0.6172839506172839,0.8403703703703703,0.9379909053327821,5.075422763824463
1,1653.0,3403.0,1.212531887755102,1629.0,3381.0,1.3392857142857142,1.2053571428571428,1.1111111111111112,0.7511111111111112,0.9851355290002916,61.34992599487305
f,42.0,3399.0,0.7364875637755101,29.0,3379.0,0.8571428571428571,1.1785714285714286,0.7272727272727272,0.7290482954545454,0.9799522673031026,42.89128112792969
none,700.0,3384.0,0.12340561224489793,694.0,3377.0,0.375,0.40178571428571425,0.9333333333333335,0.8190476190476189,0.9942196531791907,90.0
none,1881.0,3383.0,0.2830436862244897,1871.0,3373.0,0.5892857142857143,0.6160714285714285,0.9565217391304349,0.7796442687747035,0.9789081885856079,171.86920166015625
none,2057.0,3374.0,0.20591517857142852,2050.0,3363.0,0.45535714285714285,0.5892857142857143,0.7727272727272727,0.7673796791443849,0.9566666666666666,150.4241485595703
1,1497.0,3384.0,1.227598852040816,1473.0,3363.0,1.3392857142857142,1.1517857142857142,1.1627906976744187,0.795813953488372,0.9707801418439715,48.77991485595703
1,1263.0,3383.0,1.2186304209183672,1239.0,3363.0,1.3392857142857142,1.1517857142857142,1.1627906976744187,0.7899999999999999,0.9714040606233916,50.3995246887207
1,886.0,3383.0,1.2222177933673466,862.0,3363.0,1.3392857142857142,1.1517857142857142,1.1627906976744187,0.7923255813953487,0.9712086659064992,48.83871841430664
1,650.0,3384.0,1.218271683673469,626.0,3363.0,1.3392857142857142,1.1517857142857142,1.1627906976744187,0.789767441860465,0.9713958810068649,51.20088195800781
none,3467.0,3373.0,0.22492825255102036,3460.0,3362.0,0.4821428571428571,0.6160714285714285,0.782608695652174,0.7572463768115942,0.9557926829268293,152.77520751953125
none,231.0,3363.0,0.2482461734693877,222.0,3351.0,0.5892857142857143,0.6160714285714285,0.9565217391304349,0.683794466403162,0.9326145552560647,124.08174896240234
none,2872.0,3351.0,0.11443718112244895,2866.0,3345.0,0.375,0.375,1.0,0.8137755102040815,1.0,135.0
none,2481.0,3351.0,0.11443718112244895,2475.0,3345.0,0.375,0.375,1.0,0.8137755102040815,1.0,135.0
1,1032.0,3365.0,1.157286352040816,1008.0,3345.0,1.3660714285714284,1.125,1.2142857142857142,0.7530345471521941,0.9829372333942717,66.098876953125
none,436.0,3351.0,0.11443718112244895,430.0,3345.0,0.375,0.375,1.0,0.8137755102040815,1.0,135.0
none,2226.0,3357.0,0.2701291454081632,2218.0,3344.0,0.5357142857142857,0.6696428571428571,0.8,0.7529999999999998,0.9804687499999998,156.53738403320312
none,1083.0,3346.0,0.11049107142857141,1077.0,3340.0,0.3482142857142857,0.375,0.9285714285714285,0.8461538461538459,1.0,0.0
none,2873.0,3322.0,0.1650191326530612,2866.0,3314.0,0.45535714285714285,0.45535714285714285,1.0,0.7958477508650519,1.0,135.0
none,2482.0,3322.0,0.17219387755102036,2475.0,3313.0,0.45535714285714285,0.4821428571428571,0.9444444444444445,0.784313725490196,0.9876543209876543,139.5108184814453
none,437.0,3322.0,0.17219387755102036,430.0,3313.0,0.45535714285714285,0.4821428571428571,0.9444444444444445,0.784313725490196,0.9876543209876543,139.5108184814453
none,3039.0,3296.0,0.1413424744897959,3033.0,3289.0,0.40178571428571425,0.42857142857142855,0.9375,0.8208333333333333,1.0,0.0
none,2649.0,3296.0,0.1413424744897959,2643.0,3289.0,0.40178571428571425,0.42857142857142855,0.9375,0.8208333333333333,1.0,0.0
none,3040.0,3259.0,0.36017219387755095,3019.0,3252.0,1.1517857142857142,0.40178571428571425,2.8666666666666667,0.7782945736434108,0.9279112754158966,90.0
none,2650.0,3259.0,0.36017219387755095,2629.0,3252.0,1.1517857142857142,0.40178571428571425,2.8666666666666667,0.7782945736434108,0.9279112754158966,90.0
none,2305.0,3005.0,0.1377551020408163,2299.0,2998.0,0.40178571428571425,0.42857142857142855,0.9375,0.8,0.9896907216494847,34.059967041015625
none,3191.0,2983.0,0.20161033163265302,3184.0,2974.0,0.45535714285714285,0.5625,0.8095238095238095,0.7871148459383752,0.9859649122807017,19.229047775268555
none,2794.0,2983.0,0.20232780612244894,2787.0,2974.0,0.45535714285714285,0.5625,0.8095238095238095,0.7899159663865545,0.9894736842105263,19.451541900634766
none,2098.0,2983.0,0.19694674744897955,2091.0,2974.0,0.45535714285714285,0.5625,0.8095238095238095,0.7689075630252099,0.9751332149200711,38.454864501953125
none,1521.0,2983.0,0.20161033163265302,1514.0,2974.0,0.45535714285714285,0.5625,0.8095238095238095,0.7871148459383752,0.9859649122807017,19.229047775268555
none,2305.0,2974.0,0.11443718112244895,2299.0,2968.0,0.375,0.375,1.0,0.8137755102040815,1.0,45.0
none,3434.0,2925.0,0.2511160714285714,3427.0,2915.0,0.5089285714285714,0.6428571428571428,0.7916666666666667,0.7675438596491229,0.9831460674157305,21.97088623046875
none,1279.0,2924.0,0.23891900510204078,1272.0,2915.0,0.5089285714285714,0.6160714285714285,0.8260869565217391,0.7620137299771168,0.985207100591716,22.34683609008789
none,882.0,2924.0,0.2403539540816326,875.0,2915.0,0.5089285714285714,0.6160714285714285,0.8260869565217391,0.7665903890160183,0.9852941176470588,24.039518356323242
none,186.0,2925.0,0.26080197704081626,178.0,2915.0,0.5357142857142857,0.6428571428571428,0.8333333333333334,0.7572916666666666,0.9837618403247631,24.95517349243164
none,402.0,2930.0,0.8835698341836733,387.0,2910.0,1.0714285714285714,1.2857142857142856,0.8333333333333334,0.64140625,0.9318955732122588,63.043209075927734
f,42.0,2913.0,0.7217793367346937,29.0,2894.0,0.8303571428571428,1.1517857142857142,0.7209302325581396,0.754688672168042,0.9795520934761441,40.11256408691406
none,3016.0,2898.0,0.11551339285714284,3010.0,2892.0,0.375,0.375,1.0,0.8214285714285713,1.0,0.0
none,2613.0,2898.0,0.11049107142857141,2607.0,2892.0,0.3482142857142857,0.375,0.9285714285714285,0.8461538461538459,1.0,0.0
none,2165.0,2898.0,0.11551339285714284,2159.0,2892.0,0.375,0.375,1.0,0.8214285714285713,1.0,0.0
1,3208.0,2898.0,1.263113839285714,3184.0,2877.0,1.3392857142857142,1.1785714285714286,1.1363636363636362,0.8002272727272726,0.9560141189247895,52.30870056152344
1,2966.0,2898.0,1.2649075255102038,2942.0,2877.0,1.3392857142857142,1.1785714285714286,1.1363636363636362,0.8013636363636362,0.9573717078468639,55.26890182495117
1,2811.0,2898.0,1.2677774234693875,2787.0,2877.0,1.3392857142857142,1.1785714285714286,1.1363636363636362,0.803181818181818,0.9551351351351351,55.24222946166992
1,2562.0,2898.0,1.2706473214285712,2538.0,2877.0,1.3660714285714284,1.1785714285714286,1.159090909090909,0.7892156862745097,0.9542025862068966,53.73311233520508
1,2323.0,2898.0,1.263113839285714,2299.0,2877.0,1.3392857142857142,1.1785714285714286,1.1363636363636362,0.8002272727272726,0.9560141189247895,52.30870056152344
1,2115.0,2898.0,1.2595264668367345,2091.0,2877.0,1.3392857142857142,1.1785714285714286,1.1363636363636362,0.7979545454545454,0.9566757493188012,50.96847915649414
1,1700.0,2898.0,1.2749521683673466,1677.0,2877.0,1.3125,1.1785714285714286,1.1136363636363635,0.8242115027829311,0.9634047167253997,37.3730583190918
1,1538.0,2898.0,1.263113839285714,1514.0,2877.0,1.3392857142857142,1.1785714285714286,1.1363636363636362,0.8002272727272726,0.9560141189247895,52.30870819091797
none,3861.0,2860.0,0.2765864158163265,3851.0,2850.0,0.5625,0.6160714285714285,0.9130434782608697,0.7981366459627328,0.9821656050955415,169.12405395507812
none,1948.0,2860.0,0.2826849489795918,1938.0,2850.0,0.5892857142857143,0.6160714285714285,0.9565217391304349,0.7786561264822134,0.9837702871410737,163.50953674316406
1,3451.0,2842.0,1.1798867984693875,3427.0,2822.0,1.3660714285714284,1.125,1.2142857142857142,0.7677404295051353,0.9742298578199052,71.77896118164062
1,1295.0,2842.0,1.1691246811224487,1271.0,2822.0,1.3660714285714284,1.125,1.2142857142857142,0.7607376283846872,0.9728358208955222,70.15607452392578
1,1053.0,2842.0,1.1623086734693875,1029.0,2822.0,1.3660714285714284,1.125,1.2142857142857142,0.7563025210084032,0.9770808202653799,69.18446350097656
1,898.0,2842.0,1.167689732142857,874.0,2822.0,1.3660714285714284,1.125,1.2142857142857142,0.7598039215686274,0.9704830053667264,70.04325103759766
1,650.0,2842.0,1.159080038265306,626.0,2822.0,1.3392857142857142,1.125,1.1904761904761905,0.7692857142857142,0.9790909090909091,70.14302825927734
none,1104.0,2823.0,0.11551339285714284,1098.0,2817.0,0.375,0.375,1.0,0.8214285714285713,1.0,0.0
none,700.0,2823.0,0.11551339285714284,694.0,2817.0,0.375,0.375,1.0,0.8214285714285713,1.0,0.0
none,253.0,2823.0,0.11049107142857141,247.0,2817.0,0.3482142857142857,0.375,0.9285714285714285,0.8461538461538459,1.0,0.0
1,2811.0,2804.0,1.1519052933673468,2787.0,2784.0,1.3392857142857142,1.125,1.1904761904761905,0.7645238095238095,0.9867854947756609,66.15049743652344
2,410.0,2823.0,2.3034518494897953,386.0,2784.0,1.3660714285714284,2.142857142857143,0.6375,0.7868872549019607,0.9111678728536966,4.4581403732299805
2,202.0,2823.0,2.3188775510204076,178.0,2784.0,1.3660714285714284,2.142857142857143,0.6375,0.7921568627450979,0.9146738361398047,4.38333797454834
2,3613.0,2823.0,2.351522640306122,3590.0,2783.0,1.3392857142857142,2.196428571428571,0.6097560975609756,0.799390243902439,0.9299191374663073,4.370566368103027
none,2613.0,2786.0,0.12771045918367344,2606.0,2779.0,0.40178571428571425,0.40178571428571425,1.0,0.7911111111111111,1.0,0.0
none,2165.0,2786.0,0.12340561224489793,2159.0,2779.0,0.375,0.40178571428571425,0.9333333333333335,0.8190476190476189,0.9942196531791907,90.0
none,253.0,2786.0,0.12771045918367344,246.0,2779.0,0.40178571428571425,0.40178571428571425,1.0,0.7911111111111111,1.0,0.0
1,3451.0,2786.0,1.1856265943877549,3427.0,2765.0,1.3392857142857142,1.1517857142857142,1.1627906976744187,0.7686046511627906,0.9781000295945547,59.8411865234375
1,3208.0,2786.0,1.1849091198979589,3184.0,2765.0,1.3392857142857142,1.1517857142857142,1.1627906976744187,0.7681395348837208,0.9775081385025155,59.953163146972656
1,2562.0,2786.0,1.1945950255102038,2538.0,2765.0,1.3392857142857142,1.1517857142857142,1.1627906976744187,0.7744186046511626,0.9773994716759613,59.29423141479492
1,2323.0,2786.0,1.1849091198979589,2299.0,2765.0,1.3392857142857142,1.1517857142857142,1.1627906976744187,0.7681395348837208,0.9775081385025155,59.953163146972656
1,2115.0,2786.0,1.1874202806122447,2091.0,2765.0,1.3392857142857142,1.1517857142857142,1.1627906976744187,0.7697674418604651,0.9795797573246523,60.02478790283203
1,2966.0,2767.0,1.1619499362244896,2942.0,2747.0,1.3660714285714284,1.125,1.2142857142857142,0.7560690943043884,0.9821103699211645,66.6346435546875
1,1538.0,2767.0,1.1490353954081631,1514.0,2747.0,1.3392857142857142,1.125,1.1904761904761905,0.7626190476190476,0.9843269821757837,66.51024627685547
1,1295.0,2767.0,1.1529815051020407,1271.0,2747.0,1.3660714285714284,1.125,1.2142857142857142,0.7502334267040149,0.9819737244118547,66.33695983886719
1,899.0,2767.0,1.1519052933673468,874.0,2747.0,1.3660714285714284,1.125,1.2142857142857142,0.7495331465919701,0.9843654199877377,66.52000427246094
1,650.0,2767.0,1.1476004464285712,626.0,2747.0,1.3392857142857142,1.125,1.1904761904761905,0.7616666666666666,0.9849137931034483,66.39558410644531
1,1700.0,2767.0,1.2024872448979589,1677.0,2745.0,1.3125,1.2053571428571428,1.088888888888889,0.7600907029478456,0.9858823529411764,60.48678207397461
none,3016.0,2748.0,0.11551339285714284,3010.0,2742.0,0.375,0.375,1.0,0.8214285714285713,1.0,0.0
none,1104.0,2748.0,0.11551339285714284,1098.0,2742.0,0.375,0.375,1.0,0.8214285714285713,1.0,0.0
none,700.0,2748.0,0.11551339285714284,694.0,2742.0,0.375,0.375,1.0,0.8214285714285713,1.0,0.0
1,1054.0,2749.0,1.1999760841836733,1030.0,2728.0,1.3392857142857142,1.1517857142857142,1.1627906976744187,0.777906976744186,0.9755030621172354,57.67685317993164
none,2098.0,2566.0,0.19766422193877548,2091.0,2557.0,0.45535714285714285,0.5625,0.8095238095238095,0.7717086834733893,0.9804270462633452,39.50087356567383
none,185.0,2566.0,0.21380739795918363,178.0,2557.0,0.4821428571428571,0.5892857142857143,0.8181818181818181,0.7525252525252525,0.9754500818330606,37.22547149658203
none,2794.0,2510.0,0.20232780612244894,2787.0,2501.0,0.45535714285714285,0.5625,0.8095238095238095,0.7899159663865545,0.9894736842105263,19.451541900634766
1,3452.0,2469.0,1.1533402423469385,3427.0,2449.0,1.3660714285714284,1.125,1.2142857142857142,0.7504668534080298,0.9816793893129772,66.29850006103516
1,2115.0,2469.0,1.1633848852040813,2091.0,2449.0,1.3392857142857142,1.125,1.1904761904761905,0.772142857142857,0.9812405446293494,66.70751190185547
1,411.0,2468.0,1.1569276147959182,386.0,2449.0,1.3660714285714284,1.125,1.2142857142857142,0.7528011204481793,0.9832317073170732,65.82494354248047
1,203.0,2469.0,1.175581951530612,178.0,2449.0,1.3660714285714284,1.125,1.2142857142857142,0.7649393090569561,0.9814315663372268,66.09185791015625
1,3614.0,2469.0,1.2128906249999998,3590.0,2447.0,1.3392857142857142,1.2053571428571428,1.1111111111111112,0.7513333333333333,0.9825632083696599,61.38148880004883
none,2196.0,2450.0,0.11551339285714284,2190.0,2444.0,0.375,0.375,1.0,0.8214285714285713,1.0,0.0
none,284.0,2450.0,0.11551339285714284,278.0,2444.0,0.375,0.375,1.0,0.8214285714285713,1.0,0.0
2,2324.0,2450.0,2.297712053571428,2299.0,2411.0,1.3660714285714284,2.142857142857143,0.6375,0.7849264705882352,0.9090263979562871,5.306885719299316
none,3017.0,2413.0,0.12771045918367344,3010.0,2406.0,0.40178571428571425,0.40178571428571425,1.0,0.7911111111111111,1.0,0.0
none,2613.0,2413.0,0.12771045918367344,2606.0,2406.0,0.40178571428571425,0.40178571428571425,1.0,0.7911111111111111,1.0,0.0
none,1104.0,2413.0,0.12771045918367344,1097.0,2406.0,0.40178571428571425,0.40178571428571425,1.0,0.7911111111111111,1.0,0.0
none,700.0,2413.0,0.12340561224489793,694.0,2406.0,0.375,0.40178571428571425,0.9333333333333335,0.8190476190476189,0.9942196531791907,90.0
1,2811.0,2412.0,1.2419483418367345,2787.0,2392.0,1.3392857142857142,1.1517857142857142,1.1627906976744187,0.8051162790697673,0.976586741889986,48.82981872558594
1,1054.0,2412.0,1.2405133928571426,1030.0,2392.0,1.3392857142857142,1.1517857142857142,1.1627906976744187,0.8041860465116278,0.9765602937023439,45.05458068847656
1,412.0,2412.0,1.2588089923469385,387.0,2392.0,1.3392857142857142,1.1517857142857142,1.1627906976744187,0.8160465116279069,0.9642758999725198,54.095069885253906
1,3615.0,2412.0,1.3043686224489794,3590.0,2391.0,1.3392857142857142,1.2053571428571428,1.1111111111111112,0.808,0.9591136903191771,60.53481674194336
1,3452.0,2394.0,1.1648198341836733,3427.0,2374.0,1.3660714285714284,1.125,1.2142857142857142,0.7579365079365079,0.9750750750750752,69.24018096923828
2,3209.0,2412.0,2.2865911989795915,3184.0,2374.0,1.3660714285714284,2.1160714285714284,0.6455696202531646,0.7910151402333085,0.9150157909847834,5.522187232971191
2,2563.0,2412.0,2.306321747448979,2538.0,2374.0,1.3660714285714284,2.1160714285714284,0.6455696202531646,0.7978406552494416,0.9151601423487545,4.7561516761779785
2,1701.0,2412.0,2.3805803571428568,1677.0,2372.0,1.3392857142857142,2.2232142857142856,0.6024096385542168,0.7995180722891566,0.9313684210526315,3.563997983932495
none,3016.0,2375.0,0.11551339285714284,3010.0,2369.0,0.375,0.375,1.0,0.8214285714285713,1.0,0.0
none,2613.0,2375.0,0.11049107142857141,2607.0,2369.0,0.3482142857142857,0.375,0.9285714285714285,0.8461538461538459,1.0,0.0
none,700.0,2375.0,0.11551339285714284,694.0,2369.0,0.375,0.375,1.0,0.8214285714285713,1.0,0.0
none,2142.0,2372.0,0.20376275510204078,2135.0,2362.0,0.4821428571428571,0.5625,0.8571428571428571,0.7513227513227513,0.9742710120068611,133.35191345214844
none,229.0,2372.0,0.21380739795918363,222.0,2361.0,0.4821428571428571,0.5892857142857143,0.8181818181818181,0.7525252525252525,0.9722675367047309,138.9917755126953
2,2967.0,2393.0,2.4164540816326525,2942.0,2354.0,1.3392857142857142,2.169642857142857,0.6172839506172839,0.8316049382716049,0.9332224993072873,4.689327239990234
none,2349.0,2361.0,0.12914540816326528,2343.0,2354.0,0.375,0.40178571428571425,0.9333333333333335,0.857142857142857,1.0,0.0
2,1539.0,2393.0,2.425063775510204,1514.0,2354.0,1.3392857142857142,2.169642857142857,0.6172839506172839,0.8345679012345679,0.9360288008861812,4.645244121551514
2,1297.0,2393.0,2.4419244260204076,1272.0,2354.0,1.3392857142857142,2.169642857142857,0.6172839506172839,0.8403703703703703,0.9379909053327821,5.07542085647583
2,900.0,2393.0,2.4401307397959178,875.0,2354.0,1.3392857142857142,2.169642857142857,0.6172839506172839,0.839753086419753,0.9369146005509642,3.8223350048065186
2,651.0,2393.0,2.431521045918367,626.0,2354.0,1.3392857142857142,2.169642857142857,0.6172839506172839,0.83679012345679,0.935929301297984,4.771975517272949
1,1055.0,2356.0,1.1698421556122447,1030.0,2336.0,1.3392857142857142,1.125,1.1904761904761905,0.7764285714285714,0.9792792792792794,71.28191375732422
none,436.0,2342.0,0.11443718112244895,430.0,2336.0,0.375,0.375,1.0,0.8137755102040815,1.0,135.0
f,42.0,2353.0,0.7364875637755101,29.0,2333.0,0.8571428571428571,1.1785714285714286,0.7272727272727272,0.7290482954545454,0.9799522673031026,42.89128112792969
none,1104.0,2338.0,0.12771045918367344,1097.0,2331.0,0.40178571428571425,0.40178571428571425,1.0,0.7911111111111111,1.0,0.0
none,1948.0,2337.0,0.2826849489795918,1938.0,2327.0,0.5892857142857143,0.6160714285714285,0.9565217391304349,0.7786561264822134,0.9837702871410737,163.50953674316406
none,2349.0,2331.0,0.1384725765306122,2343.0,2324.0,0.40178571428571425,0.42857142857142855,0.9375,0.8041666666666665,0.9922879177377891,149.46829223632812
none,2840.0,2317.0,0.24286511479591832,2831.0,2305.0,0.5892857142857143,0.6160714285714285,0.9565217391304349,0.6689723320158103,0.9273972602739725,125.72953796386719
none,437.0,2314.0,0.1833147321428571,430.0,2305.0,0.4821428571428571,0.4821428571428571,1.0,0.7885802469135802,1.0,135.0
none,3479.0,2311.0,0.2593670280612244,3471.0,2299.0,0.5357142857142857,0.6428571428571428,0.8333333333333334,0.7531249999999998,0.983673469387755,157.0904083251953
none,3235.0,2311.0,0.2511160714285714,3228.0,2299.0,0.5089285714285714,0.6428571428571428,0.7916666666666667,0.7675438596491229,0.9831460674157305,158.02911376953125
none,3861.0,2299.0,0.2737165178571428,3851.0,2289.0,0.5625,0.6160714285714285,0.9130434782608697,0.789855072463768,0.9857881136950905,159.8429718017578
none,1565.0,2290.0,0.2098612882653061,1558.0,2279.0,0.45535714285714285,0.5892857142857143,0.7727272727272727,0.7820855614973261,0.9605911330049262,162.099853515625
none,1322.0,2290.0,0.2173947704081632,1315.0,2279.0,0.4821428571428571,0.5892857142857143,0.8181818181818181,0.765151515151515,0.9513343799058085,152.3671112060547
none,925.0,2290.0,0.21882971938775506,918.0,2279.0,0.4821428571428571,0.5892857142857143,0.8181818181818181,0.7702020202020201,0.957613814756672,153.30831909179688
none,2931.0,1958.0,0.13058035714285712,2925.0,1952.0,0.40178571428571425,0.40178571428571425,1.0,0.808888888888889,1.0,45.0
none,2527.0,1959.0,0.1384725765306122,2521.0,1952.0,0.40178571428571425,0.42857142857142855,0.9375,0.8041666666666665,0.9922879177377891,30.531709671020508
none,2268.0,1956.0,0.19694674744897955,2261.0,1947.0,0.45535714285714285,0.5625,0.8095238095238095,0.7689075630252099,0.9751332149200711,38.454864501953125
none,2042.0,1955.0,0.20053411989795913,2035.0,1946.0,0.4821428571428571,0.5625,0.8571428571428571,0.7394179894179894,0.9688041594454072,49.50932312011719
none,1502.0,1955.0,0.20053411989795913,1495.0,1946.0,0.4821428571428571,0.5625,0.8571428571428571,0.7394179894179894,0.9688041594454072,49.50932312011719
none,3117.0,1936.0,0.18833705357142855,3110.0,1928.0,0.45535714285714285,0.5357142857142857,0.85,0.7720588235294117,0.9813084112149533,43.51617431640625
none,2735.0,1937.0,0.19622927295918363,2728.0,1928.0,0.45535714285714285,0.5625,0.8095238095238095,0.7661064425770306,0.9733096085409253,41.89105224609375
none,2930.0,1928.0,0.09901147959183672,2925.0,1923.0,0.3482142857142857,0.3482142857142857,1.0,0.8165680473372781,1.0,45.0
none,2526.0,1928.0,0.09901147959183672,2521.0,1923.0,0.3482142857142857,0.3482142857142857,1.0,0.8165680473372781,1.0,45.0
none,306.0,1903.0,0.1546157525510204,300.0,1896.0,0.40178571428571425,0.45535714285714285,0.8823529411764706,0.8450980392156863,0.9885321100917432,3.0804102420806885
none,3495.0,1879.0,0.2593670280612244,3487.0,1869.0,0.5357142857142857,0.6428571428571428,0.8333333333333334,0.7531249999999998,0.983673469387755,22.909591674804688
none,1253.0,1879.0,0.2511160714285714,1246.0,1869.0,0.5089285714285714,0.6428571428571428,0.7916666666666667,0.7675438596491229,0.9831460674157305,21.97088623046875
none,762.0,1879.0,0.2586495535714285,754.0,1869.0,0.5357142857142857,0.6428571428571428,0.8333333333333334,0.7510416666666665,0.9809523809523809,23.60011100769043
none,139.0,1878.0,0.2403539540816326,132.0,1869.0,0.5089285714285714,0.6160714285714285,0.8260869565217391,0.7665903890160183,0.9852941176470588,24.039518356323242
none,309.0,1871.0,0.16824776785714282,300.0,1864.0,0.5625,0.42857142857142855,1.3125,0.6979166666666666,0.916015625,76.44779968261719
1,2285.0,1871.0,1.1626674107142856,2261.0,1851.0,1.3392857142857142,1.125,1.1904761904761905,0.7716666666666667,0.9762048192771084,70.40451049804688
1,2058.0,1871.0,1.1698421556122447,2034.0,1851.0,1.3660714285714284,1.125,1.2142857142857142,0.761204481792717,0.9705357142857144,69.51570129394531
1,1518.0,1871.0,1.1698421556122447,1494.0,1851.0,1.3660714285714284,1.125,1.2142857142857142,0.761204481792717,0.9705357142857144,69.51570129394531
1,1719.0,1871.0,1.2261639030612241,1695.0,1850.0,1.3392857142857142,1.1785714285714286,1.1363636363636362,0.7768181818181816,0.9774092078924793,68.75990295410156
f,42.0,1867.0,0.7329001913265305,29.0,1848.0,0.8571428571428571,1.1785714285714286,0.7272727272727272,0.7254971590909091,0.9700854700854701,43.467342376708984
none,3360.0,1853.0,0.12771045918367344,3353.0,1846.0,0.40178571428571425,0.40178571428571425,1.0,0.7911111111111111,1.0,0.0
none,3184.0,1852.0,0.11658960459183672,3178.0,1846.0,0.375,0.375,1.0,0.8290816326530611,1.0,45.0
none,2802.0,1852.0,0.11551339285714284,2796.0,1846.0,0.375,0.375,1.0,0.8214285714285713,1.0,0.0
1,3309.0,1852.0,1.263472576530612,3285.0,1831.0,1.3392857142857142,1.1785714285714286,1.1363636363636362,0.8004545454545454,0.9565453557848996,52.76778030395508
1,3133.0,1852.0,1.2584502551020407,3110.0,1831.0,1.3392857142857142,1.1785714285714286,1.1363636363636362,0.7972727272727272,0.9582081398524993,50.91737747192383
1,2948.0,1852.0,1.2584502551020407,2925.0,1831.0,1.3392857142857142,1.1785714285714286,1.1363636363636362,0.7972727272727272,0.9582081398524993,50.91737747192383
1,2752.0,1852.0,1.2670599489795915,2728.0,1831.0,1.3392857142857142,1.1785714285714286,1.1363636363636362,0.8027272727272725,0.957700650759219,50.352195739746094
1,2545.0,1852.0,1.2623963647959182,2521.0,1831.0,1.3392857142857142,1.1785714285714286,1.1363636363636362,0.7997727272727272,0.9580724203648244,50.21212387084961
none,1908.0,1814.0,0.2765864158163265,1898.0,1804.0,0.5625,0.6160714285714285,0.9130434782608697,0.7981366459627328,0.9821656050955415,171.1315460205078
1,2949.0,1796.0,1.1547751913265303,2924.0,1776.0,1.3660714285714284,1.125,1.2142857142857142,0.7514005602240895,0.9820012202562537,66.18960571289062
1,2545.0,1796.0,1.1461654974489794,2521.0,1776.0,1.3392857142857142,1.125,1.1904761904761905,0.7607142857142857,0.9845916795069338,65.42545318603516
1,2285.0,1796.0,1.1461654974489794,2261.0,1776.0,1.3392857142857142,1.125,1.1904761904761905,0.7607142857142857,0.9845916795069338,65.42545318603516
1,2059.0,1796.0,1.1547751913265303,2034.0,1776.0,1.3660714285714284,1.125,1.2142857142857142,0.7514005602240895,0.9820012202562537,66.18960571289062
1,1006.0,1796.0,1.1777343749999998,982.0,1776.0,1.3660714285714284,1.125,1.2142857142857142,0.7663398692810457,0.9782479141835518,71.5748062133789
1,324.0,1796.0,1.1813217474489794,300.0,1776.0,1.3660714285714284,1.125,1.2142857142857142,0.7686741363211951,0.9731087470449173,71.81466674804688
1,1719.0,1796.0,1.2078683035714284,1695.0,1775.0,1.3392857142857142,1.1785714285714286,1.1363636363636362,0.7652272727272726,0.9850789935634876,61.57224655151367
none,3825.0,1777.0,0.11551339285714284,3819.0,1771.0,0.375,0.375,1.0,0.8214285714285713,1.0,0.0
none,1056.0,1777.0,0.11658960459183672,1050.0,1771.0,0.375,0.375,1.0,0.8290816326530611,1.0,135.0
none,605.0,1778.0,0.12771045918367344,598.0,1771.0,0.40178571428571425,0.40178571428571425,1.0,0.7911111111111111,1.0,0.0
none,206.0,1778.0,0.12771045918367344,199.0,1771.0,0.40178571428571425,0.40178571428571425,1.0,0.7911111111111111,1.0,0.0
2,3511.0,1777.0,2.3138552295918364,3487.0,1738.0,1.3660714285714284,2.142857142857143,0.6375,0.7904411764705882,0.9126927975095515,5.239538669586182
1,3134.0,1758.0,1.1558514030612244,3109.0,1738.0,1.3660714285714284,1.125,1.2142857142857142,0.7521008403361344,0.9817184643510055,65.72209167480469
1,2752.0,1758.0,1.1461654974489794,2728.0,1738.0,1.3392857142857142,1.125,1.1904761904761905,0.7607142857142857,0.9842883548983365,65.95668029785156
2,1270.0,1777.0,2.288026147959183,1246.0,1738.0,1.3392857142857142,2.142857142857143,0.625,0.7972499999999998,0.9180941413559809,3.8647048473358154
2,778.0,1777.0,2.2926897321428568,754.0,1738.0,1.3392857142857142,2.142857142857143,0.625,0.7988749999999999,0.9186430932873365,5.081247329711914
2,554.0,1777.0,2.3174426020408156,530.0,1738.0,1.3660714285714284,2.142857142857143,0.6375,0.7916666666666665,0.9160521837776516,5.299614906311035
2,155.0,1777.0,2.3059630102040813,131.0,1738.0,1.3660714285714284,2.142857142857143,0.6375,0.7877450980392157,0.909708463062553,5.203606128692627
2,3768.0,1777.0,2.359414859693877,3745.0,1737.0,1.3392857142857142,2.196428571428571,0.6097560975609756,0.8020731707317073,0.9282992237120677,3.961526393890381
none,3825.0,1740.0,0.11551339285714284,3819.0,1734.0,0.375,0.375,1.0,0.8214285714285713,1.0,0.0
none,3184.0,1740.0,0.11658960459183672,3178.0,1734.0,0.375,0.375,1.0,0.8290816326530611,1.0,135.0
none,2802.0,1740.0,0.11551339285714284,2796.0,1734.0,0.375,0.375,1.0,0.8214285714285713,1.0,0.0
none,1056.0,1740.0,0.11658960459183672,1050.0,1734.0,0.375,0.375,1.0,0.8290816326530611,1.0,45.0
none,3360.0,1740.0,0.12771045918367344,3353.0,1733.0,0.40178571428571425,0.40178571428571425,1.0,0.7911111111111111,1.0,0.0
none,605.0,1740.0,0.12771045918367344,598.0,1733.0,0.40178571428571425,0.40178571428571425,1.0,0.7911111111111111,1.0,0.0
none,206.0,1740.0,0.12771045918367344,199.0,1733.0,0.40178571428571425,0.40178571428571425,1.0,0.7911111111111111,1.0,0.0
1,3309.0,1741.0,1.2308274872448977,3285.0,1720.0,1.3392857142857142,1.1517857142857142,1.1627906976744187,0.7979069767441859,0.9828129475794901,53.01655578613281
1,1519.0,1741.0,1.1974649234693875,1495.0,1720.0,1.3392857142857142,1.1517857142857142,1.1627906976744187,0.7762790697674418,0.9771662763466041,57.92142868041992
1,1005.0,1741.0,1.2308274872448977,982.0,1720.0,1.3392857142857142,1.1517857142857142,1.1627906976744187,0.7979069767441859,0.9822502147151445,53.02962112426758
1,324.0,1721.0,1.1619499362244896,300.0,1701.0,1.3660714285714284,1.125,1.2142857142857142,0.7560690943043884,0.9839003645200487,66.94537353515625
none,3117.0,1519.0,0.18905452806122444,3110.0,1511.0,0.45535714285714285,0.5357142857142857,0.85,0.7749999999999998,0.9832089552238805,40.25448989868164
none,2735.0,1519.0,0.18905452806122444,2728.0,1511.0,0.45535714285714285,0.5357142857142857,0.85,0.7749999999999998,0.9832089552238805,40.25448989868164
none,1502.0,1488.0,0.20376275510204078,1495.0,1479.0,0.4821428571428571,0.5625,0.8571428571428571,0.7513227513227513,0.9742710120068611,46.64808654785156
none,1253.0,1470.0,0.19622927295918363,1246.0,1461.0,0.45535714285714285,0.5625,0.8095238095238095,0.7661064425770306,0.9733096085409253,41.89105224609375
none,139.0,1463.0,0.19084821428571425,132.0,1455.0,0.45535714285714285,0.5357142857142857,0.85,0.7823529411764705,0.9888475836431226,20.86194610595703
none,761.0,1451.0,0.2044802295918367,754.0,1442.0,0.4821428571428571,0.5625,0.8571428571428571,0.753968253968254,0.976027397260274,44.21722412109375
1,2752.0,1422.0,1.1544164540816324,2728.0,1403.0,1.3392857142857142,1.0982142857142856,1.2195121951219512,0.7848780487804877,0.9828955406230909,66.31224822998047
1,2545.0,1422.0,1.141143176020408,2521.0,1403.0,1.3392857142857142,1.0982142857142856,1.2195121951219512,0.7758536585365854,0.9881950916433677,66.35911560058594
1,3512.0,1422.0,1.1551339285714284,3487.0,1402.0,1.3660714285714284,1.125,1.2142857142857142,0.7516339869281046,0.9805115712545677,65.98220825195312
1,3310.0,1422.0,1.1540577168367345,3285.0,1402.0,1.3660714285714284,1.125,1.2142857142857142,0.7509337068160598,0.9828903146959976,66.186279296875
1,3134.0,1422.0,1.1698421556122447,3109.0,1402.0,1.3660714285714284,1.125,1.2142857142857142,0.761204481792717,0.9792792792792794,66.0328598022461
1,2949.0,1422.0,1.1508290816326527,2925.0,1402.0,1.3392857142857142,1.125,1.1904761904761905,0.7638095238095237,0.9843510279226756,65.96711730957031
1,3769.0,1422.0,1.2164779974489794,3745.0,1401.0,1.3392857142857142,1.2053571428571428,1.1111111111111112,0.7535555555555555,0.9846109175377469,60.766849517822266
none,3825.0,1404.0,0.11551339285714284,3819.0,1398.0,0.375,0.375,1.0,0.8214285714285713,1.0,0.0
none,3359.0,1404.0,0.11658960459183672,3353.0,1398.0,0.375,0.375,1.0,0.8290816326530611,1.0,45.0
none,3215.0,1404.0,0.11551339285714284,3209.0,1398.0,0.375,0.375,1.0,0.8214285714285713,1.0,0.0
none,2833.0,1404.0,0.11551339285714284,2827.0,1398.0,0.375,0.375,1.0,0.8214285714285713,1.0,0.0
1,2286.0,1403.0,1.2082270408163263,2261.0,1383.0,1.3392857142857142,1.1517857142857142,1.1627906976744187,0.7832558139534883,0.9842197545295148,55.50006103515625
1,1519.0,1403.0,1.2042809311224487,1495.0,1383.0,1.3392857142857142,1.1517857142857142,1.1627906976744187,0.7806976744186045,0.9602402745995423,65.11936950683594
1,1719.0,1403.0,1.262755102040816,1695.0,1382.0,1.3392857142857142,1.2053571428571428,1.1111111111111112,0.7822222222222222,0.9604365620736699,66.3300552368164
f,2231.0,1400.0,0.7375637755102039,2218.0,1381.0,0.8303571428571428,1.1517857142857142,0.7209302325581396,0.7711927981995499,0.9842029679272379,50.99483871459961
1,1270.0,1385.0,1.1687659438775508,1246.0,1365.0,1.3392857142857142,1.125,1.1904761904761905,0.7757142857142857,0.9766187050359714,70.64445495605469
f,1216.0,1381.0,0.7163982780612244,1203.0,1362.0,0.8303571428571428,1.1517857142857142,0.7209302325581396,0.7490622655663917,0.9784419402253798,41.07283401489258
none,3825.0,1366.0,0.11658960459183672,3819.0,1360.0,0.375,0.375,1.0,0.8290816326530611,1.0,45.0
none,1056.0,1367.0,0.12125318877551018,1050.0,1360.0,0.375,0.40178571428571425,0.9333333333333335,0.8047619047619047,1.0,0.0
none,605.0,1367.0,0.12771045918367344,598.0,1360.0,0.40178571428571425,0.40178571428571425,1.0,0.7911111111111111,1.0,0.0
none,206.0,1367.0,0.12771045918367344,199.0,1360.0,0.40178571428571425,0.40178571428571425,1.0,0.7911111111111111,1.0,0.0
1,3770.0,1366.0,1.3205117984693875,3745.0,1345.0,1.3392857142857142,1.2053571428571428,1.1111111111111112,0.818,0.9631083202511773,51.07811737060547
1,3512.0,1366.0,1.2620376275510201,3487.0,1345.0,1.3392857142857142,1.1785714285714286,1.1363636363636362,0.7995454545454544,0.9633077765607886,51.95039367675781
2,2060.0,1384.0,2.4164540816326525,2035.0,1345.0,1.3392857142857142,2.169642857142857,0.6172839506172839,0.8316049382716049,0.9417027820494897,5.5108160972595215
1,1006.0,1366.0,1.2584502551020407,982.0,1345.0,1.3392857142857142,1.1785714285714286,1.1363636363636362,0.7972727272727272,0.9558583106267031,54.57809066772461
1,778.0,1366.0,1.2641900510204078,754.0,1345.0,1.3392857142857142,1.1785714285714286,1.1363636363636362,0.8009090909090907,0.9550135501355014,51.8691520690918
1,554.0,1366.0,1.2609614158163263,530.0,1345.0,1.3392857142857142,1.1785714285714286,1.1363636363636362,0.7988636363636362,0.95620239390642,54.13209533691406
1,156.0,1366.0,1.2742346938775508,132.0,1345.0,1.3392857142857142,1.1785714285714286,1.1363636363636362,0.8072727272727271,0.9752883031301482,45.92805480957031
1,2286.0,1347.0,1.1558514030612244,2261.0,1328.0,1.3392857142857142,1.0982142857142856,1.2195121951219512,0.7858536585365854,0.9814194334450199,71.61837768554688
1,3310.0,1347.0,1.165537308673469,3285.0,1327.0,1.3660714285714284,1.125,1.2142857142857142,0.7584033613445377,0.9759687593872033,69.19873809814453
none,3359.0,1329.0,0.11658960459183672,3353.0,1323.0,0.375,0.375,1.0,0.8290816326530611,1.0,45.0
none,2779.0,1326.0,0.19084821428571425,2772.0,1316.0,0.45535714285714285,0.5357142857142857,0.85,0.7823529411764705,0.9888475836431226,159.1380615234375
none,3160.0,1325.0,0.2098612882653061,3153.0,1315.0,0.4821428571428571,0.5625,0.8571428571428571,0.7738095238095238,0.9831932773109244,156.4640350341797
1,2950.0,1329.0,1.2763871173469385,2925.0,1308.0,1.3392857142857142,1.1785714285714286,1.1363636363636362,0.8086363636363635,0.9616216216216217,51.297420501708984
1,2546.0,1329.0,1.2763871173469385,2521.0,1308.0,1.3392857142857142,1.1785714285714286,1.1363636363636362,0.8086363636363635,0.9634443541835906,49.90340805053711
2,325.0,1347.0,2.429727359693877,300.0,1308.0,1.3660714285714284,2.169642857142857,0.6296296296296295,0.8197772936335027,0.9335630599586493,5.7197723388671875
1,1719.0,1310.0,1.2078683035714284,1695.0,1289.0,1.3392857142857142,1.1785714285714286,1.1363636363636362,0.7652272727272726,0.9853672812408546,61.1738166809082
f,42.0,1306.0,0.7332589285714284,29.0,1287.0,0.8571428571428571,1.1785714285714286,0.7272727272727272,0.7258522727272726,0.9770554493307838,44.197628021240234
none,605.0,1292.0,0.12771045918367344,598.0,1285.0,0.40178571428571425,0.40178571428571425,1.0,0.7911111111111111,1.0,0.0
none,1908.0,1291.0,0.2765864158163265,1898.0,1281.0,0.5625,0.6160714285714285,0.9130434782608697,0.7981366459627328,0.9809160305343512,159.8869171142578
none,3538.0,1281.0,0.22528698979591832,3531.0,1270.0,0.4821428571428571,0.6160714285714285,0.782608695652174,0.7584541062801933,0.9443609022556391,155.65516662597656
none,2085.0,1281.0,0.22815688775510198,2078.0,1270.0,0.4821428571428571,0.6160714285714285,0.782608695652174,0.7681159420289856,0.9563909774436089,156.84156799316406
1,1519.0,1291.0,1.2444595025510201,1495.0,1270.0,1.3392857142857142,1.1785714285714286,1.1363636363636362,0.7884090909090907,0.9668338907469342,45.558067321777344
1,1270.0,1291.0,1.24625318877551,1246.0,1270.0,1.3392857142857142,1.1785714285714286,1.1363636363636362,0.7895454545454544,0.9674185463659147,44.87089157104492
1,778.0,1291.0,1.245894451530612,754.0,1270.0,1.3392857142857142,1.1785714285714286,1.1363636363636362,0.7893181818181817,0.9663327768503062,45.64623260498047
1,554.0,1291.0,1.2441007653061222,530.0,1270.0,1.3392857142857142,1.1785714285714286,1.1363636363636362,0.7881818181818181,0.9676339285714287,47.528961181640625
none,184.0,1270.0,0.24788743622448975,175.0,1259.0,0.5892857142857143,0.6160714285714285,0.9565217391304349,0.6828063241106719,0.9325236167341431,120.9205551147461
none,2974.0,1259.0,0.11443718112244895,2968.0,1253.0,0.375,0.375,1.0,0.8137755102040815,1.0,135.0
none,2571.0,1259.0,0.11443718112244895,2565.0,1253.0,0.375,0.375,1.0,0.8137755102040815,1.0,135.0
none,2312.0,1265.0,0.2503985969387755,2305.0,1253.0,0.5089285714285714,0.6428571428571428,0.7916666666666667,0.7653508771929824,0.9803370786516855,159.08929443359375
none,350.0,1259.0,0.11443718112244895,344.0,1253.0,0.375,0.375,1.0,0.8137755102040815,1.0,135.0
1,1006.0,1272.0,1.157645089285714,982.0,1252.0,1.3660714285714284,1.125,1.2142857142857142,0.753267973856209,0.9814476885644767,65.82470703125
none,1056.0,1254.0,0.11551339285714284,1050.0,1248.0,0.375,0.375,1.0,0.8214285714285713,1.0,0.0
none,2572.0,1230.0,0.1650191326530612,2565.0,1222.0,0.45535714285714285,0.45535714285714285,1.0,0.7958477508650519,1.0,135.0
none,2975.0,1230.0,0.1736288265306122,2968.0,1221.0,0.45535714285714285,0.4821428571428571,0.9444444444444445,0.7908496732026142,0.9918032786885246,144.18710327148438
none,351.0,1230.0,0.17219387755102036,344.0,1221.0,0.45535714285714285,0.4821428571428571,0.9444444444444445,0.784313725490196,0.9876543209876543,139.5108184814453
none,3134.0,1204.0,0.14708227040816324,3127.0,1197.0,0.42857142857142855,0.42857142857142855,1.0,0.8007812499999999,0.9951456310679612,45.0000114440918
none,2752.0,1204.0,0.14851721938775508,2745.0,1197.0,0.42857142857142855,0.42857142857142855,1.0,0.80859375,1.0,0.0
none,3135.0,1167.0,0.38671874999999994,3113.0,1160.0,1.232142857142857,0.42857142857142855,2.875,0.7323369565217391,0.8990825688073395,91.4580307006836
none,2752.0,1167.0,0.36878188775510196,2731.0,1160.0,1.1785714285714286,0.40178571428571425,2.9333333333333336,0.7787878787878787,0.926126126126126,90.0
none,2346.0,912.0,0.1546157525510204,2340.0,905.0,0.42857142857142855,0.45535714285714285,0.9411764705882353,0.7922794117647058,0.9885321100917432,37.9509162902832
none,3264.0,890.0,0.19013073979591832,3257.0,882.0,0.45535714285714285,0.5357142857142857,0.85,0.7794117647058822,0.9851301115241635,22.05550765991211
none,2174.0,890.0,0.19013073979591832,2167.0,882.0,0.45535714285714285,0.5357142857142857,0.85,0.7794117647058822,0.9851301115241635,22.05550765991211
none,1679.0,890.0,0.19013073979591832,1672.0,882.0,0.45535714285714285,0.5357142857142857,0.85,0.7794117647058822,0.9851301115241635,22.05550765991211
none,2789.0,890.0,0.21380739795918363,2782.0,881.0,0.4821428571428571,0.5892857142857143,0.8181818181818181,0.7525252525252525,0.9722675367047309,41.00819778442383
none,2346.0,882.0,0.11443718112244895,2340.0,876.0,0.375,0.375,1.0,0.8137755102040815,1.0,45.0
none,518.0,856.0,0.15066964285714282,512.0,849.0,0.40178571428571425,0.45535714285714285,0.8823529411764706,0.8235294117647057,0.9813084112149532,7.136730670928955
none,3509.0,832.0,0.26008450255102034,3501.0,822.0,0.5357142857142857,0.6428571428571428,0.8333333333333334,0.7552083333333331,0.9850543478260868,24.240854263305664
none,1435.0,832.0,0.2701291454081632,1427.0,822.0,0.5357142857142857,0.6696428571428571,0.8,0.7529999999999998,0.9804687499999998,23.46259117126465
none,961.0,832.0,0.27299904336734687,953.0,822.0,0.5357142857142857,0.6696428571428571,0.8,0.7609999999999999,0.9844760672703751,22.128345489501953
none,346.0,832.0,0.2593670280612244,338.0,822.0,0.5357142857142857,0.6428571428571428,0.8333333333333334,0.7531249999999998,0.983673469387755,22.909591674804688
none,521.0,824.0,0.1614317602040816,512.0,818.0,0.5625,0.40178571428571425,1.4000000000000001,0.7142857142857142,0.9221311475409836,78.25006103515625
f,42.0,821.0,0.7318239795918365,29.0,802.0,0.8571428571428571,1.1517857142857142,0.7441860465116279,0.7412790697674417,0.9751434034416825,43.37702178955078
none,3085.0,806.0,0.11551339285714284,3079.0,800.0,0.375,0.375,1.0,0.8214285714285713,1.0,0.0
none,2645.0,806.0,0.12771045918367344,2638.0,799.0,0.40178571428571425,0.40178571428571425,1.0,0.7911111111111111,1.0,0.0
none,2241.0,806.0,0.12771045918367344,2234.0,799.0,0.40178571428571425,0.40178571428571425,1.0,0.7911111111111111,1.0,0.0
1,3280.0,806.0,1.2659837372448977,3256.0,785.0,1.3660714285714284,1.1785714285714286,1.159090909090909,0.7863190730837788,0.9545577495266432,49.26833724975586
1,3035.0,806.0,1.2566565688775508,3011.0,785.0,1.3392857142857142,1.1785714285714286,1.1363636363636362,0.7961363636363635,0.9576271186440678,50.6223030090332
1,2805.0,806.0,1.2939652423469385,2782.0,785.0,1.3392857142857142,1.1785714285714286,1.1363636363636362,0.8197727272727272,0.9636655089500401,52.12101364135742
1,2593.0,806.0,1.2921715561224487,2570.0,785.0,1.3392857142857142,1.1785714285714286,1.1363636363636362,0.8186363636363635,0.9625868519508285,51.97074508666992
1,2363.0,806.0,1.2932477678571426,2340.0,785.0,1.3392857142857142,1.1785714285714286,1.1363636363636362,0.8193181818181817,0.9631311781993053,51.7335090637207
1,2190.0,806.0,1.2659837372448977,2166.0,785.0,1.3660714285714284,1.1785714285714286,1.159090909090909,0.7863190730837788,0.9545577495266432,49.26833724975586
1,1695.0,806.0,1.2659837372448977,1671.0,785.0,1.3660714285714284,1.1785714285714286,1.159090909090909,0.7863190730837788,0.9545577495266432,49.26833724975586
none,146.0,826.0,1.245894451530612,112.0,785.0,1.5267857142857142,1.9553571428571428,0.7808219178082192,0.4173275654890651,0.6432672717169846,23.248388290405273
1,1895.0,806.0,1.3197943239795915,1872.0,784.0,1.3392857142857142,1.2053571428571428,1.1111111111111112,0.8175555555555555,0.9625850340136054,51.5158576965332
none,3897.0,768.0,0.2773038903061224,3887.0,758.0,0.5625,0.6160714285714285,0.9130434782608697,0.8002070393374741,0.9872286079182631,155.111083984375
none,2068.0,768.0,0.28447863520408156,2058.0,758.0,0.5892857142857143,0.6160714285714285,0.9565217391304349,0.783596837944664,0.9826517967781907,162.08287048339844
1,3525.0,749.0,1.1633848852040813,3501.0,729.0,1.3392857142857142,1.125,1.1904761904761905,0.772142857142857,0.9744591346153847,71.26080322265625
1,1451.0,749.0,1.1734295280612244,1427.0,729.0,1.3660714285714284,1.125,1.2142857142857142,0.7635387488328664,0.9732222552811663,70.96451568603516
1,1206.0,749.0,1.1705596301020407,1182.0,729.0,1.3660714285714284,1.125,1.2142857142857142,0.7616713352007469,0.9772386942198265,70.73284149169922
1,977.0,749.0,1.1802455357142856,953.0,729.0,1.3660714285714284,1.125,1.2142857142857142,0.7679738562091504,0.9753928253780019,71.36840057373047
1,765.0,749.0,1.1691246811224487,741.0,729.0,1.3660714285714284,1.125,1.2142857142857142,0.7607376283846872,0.9766257117171111,68.84344482421875
none,1256.0,731.0,0.11658960459183672,1250.0,725.0,0.375,0.375,1.0,0.8290816326530611,1.0,45.0
none,412.0,731.0,0.11551339285714284,406.0,725.0,0.375,0.375,1.0,0.8214285714285713,1.0,0.0
none,816.0,731.0,0.12771045918367344,809.0,724.0,0.40178571428571425,0.40178571428571425,1.0,0.7911111111111111,1.0,0.0
none,146.0,751.0,1.245894451530612,112.0,710.0,1.5267857142857142,1.9553571428571428,0.7808219178082192,0.4173275654890651,0.6432672717169846,23.248388290405273
1,2806.0,712.0,1.1594387755102038,2782.0,692.0,1.3660714285714284,1.125,1.2142857142857142,0.7544351073762837,0.9841656516443362,66.19547271728516
2,535.0,731.0,2.296994579081632,511.0,692.0,1.3660714285714284,2.1160714285714284,0.6455696202531646,0.7946140481509059,0.9115888382687927,5.678807735443115
2,362.0,731.0,2.292330994897959,337.0,692.0,1.3660714285714284,2.1160714285714284,0.6455696202531646,0.7930007446016382,0.9132485350864658,5.17574405670166
2,3725.0,731.0,2.3633609693877546,3701.0,691.0,1.3392857142857142,2.196428571428571,0.6097560975609756,0.8034146341463414,0.9295893890221532,3.564239025115967
none,2645.0,694.0,0.12771045918367344,2638.0,687.0,0.40178571428571425,0.40178571428571425,1.0,0.7911111111111111,1.0,0.0
none,2241.0,694.0,0.12771045918367344,2234.0,687.0,0.40178571428571425,0.40178571428571425,1.0,0.7911111111111111,1.0,0.0
none,412.0,693.0,0.11551339285714284,406.0,687.0,0.375,0.375,1.0,0.8214285714285713,1.0,0.0
1,3525.0,694.0,1.192442602040816,3501.0,673.0,1.3392857142857142,1.1517857142857142,1.1627906976744187,0.7730232558139534,0.9762114537444934,59.576107025146484
1,3280.0,694.0,1.1884964923469385,3257.0,673.0,1.3392857142857142,1.1517857142857142,1.1627906976744187,0.7704651162790697,0.9795978710822,59.539005279541016
1,2594.0,694.0,1.1906489158163263,2570.0,673.0,1.3392857142857142,1.1517857142857142,1.1627906976744187,0.7718604651162789,0.9784787735849056,59.265499114990234
1,2364.0,694.0,1.1906489158163263,2340.0,673.0,1.3392857142857142,1.1517857142857142,1.1627906976744187,0.7718604651162789,0.9784787735849056,59.265499114990234
1,2190.0,694.0,1.1884964923469385,2167.0,673.0,1.3392857142857142,1.1517857142857142,1.1627906976744187,0.7704651162790697,0.9795978710822,59.539005279541016
1,3035.0,674.0,1.1458067602040813,3011.0,654.0,1.3392857142857142,1.125,1.1904761904761905,0.7604761904761904,0.9864113650401483,66.11093139648438
1,1695.0,674.0,1.157645089285714,1671.0,654.0,1.3660714285714284,1.125,1.2142857142857142,0.753267973856209,0.9832419256550882,65.9461898803711
1,1451.0,674.0,1.1544164540816324,1427.0,654.0,1.3660714285714284,1.125,1.2142857142857142,0.7511671335200746,0.9834963325183373,66.134033203125
1,977.0,674.0,1.1623086734693875,953.0,654.0,1.3660714285714284,1.125,1.2142857142857142,0.7563025210084032,0.9836065573770492,66.26639556884766
1,765.0,674.0,1.157645089285714,741.0,654.0,1.3660714285714284,1.125,1.2142857142857142,0.753267973856209,0.9832419256550882,65.9461898803711
1,1896.0,675.0,1.2157605229591835,1872.0,653.0,1.3392857142857142,1.2053571428571428,1.1111111111111112,0.7531111111111111,0.984888113920372,60.66581344604492
none,3085.0,656.0,0.11551339285714284,3079.0,650.0,0.375,0.375,1.0,0.8214285714285713,1.0,0.0
none,1256.0,656.0,0.11658960459183672,1250.0,650.0,0.375,0.375,1.0,0.8290816326530611,1.0,45.0
none,816.0,656.0,0.12771045918367344,809.0,649.0,0.40178571428571425,0.40178571428571425,1.0,0.7911111111111111,1.0,0.0
1,1205.0,657.0,1.2308274872448977,1182.0,636.0,1.3392857142857142,1.1517857142857142,1.1627906976744187,0.7979069767441859,0.9822502147151445,53.02962112426758
none,2174.0,473.0,0.19084821428571425,2167.0,465.0,0.45535714285714285,0.5357142857142857,0.85,0.7823529411764705,0.9888475836431226,20.8619441986084
none,345.0,473.0,0.20519770408163263,338.0,464.0,0.4821428571428571,0.5625,0.8571428571428571,0.7566137566137566,0.9761092150170648,48.23453903198242
none,2789.0,417.0,0.2130899234693877,2782.0,408.0,0.4821428571428571,0.5892857142857143,0.8181818181818181,0.75,0.9737704918032787,39.226837158203125
1,3525.0,376.0,1.148676658163265,3501.0,356.0,1.3392857142857142,1.125,1.1904761904761905,0.7623809523809523,0.9837173579109062,66.21866607666016
1,2191.0,376.0,1.1709183673469385,2166.0,356.0,1.3660714285714284,1.125,1.2142857142857142,0.7619047619047619,0.9804746170021027,66.73413848876953
1,536.0,376.0,1.1587213010204078,511.0,356.0,1.3660714285714284,1.125,1.2142857142857142,0.7539682539682538,0.9841560024375379,66.89948272705078
1,362.0,376.0,1.1644610969387752,338.0,356.0,1.3392857142857142,1.125,1.1904761904761905,0.7728571428571428,0.9818511796733213,66.39933013916016
1,3725.0,376.0,1.2132493622448977,3701.0,355.0,1.3392857142857142,1.2053571428571428,1.1111111111111112,0.7515555555555555,0.9857184494316525,61.25310516357422
none,2272.0,358.0,0.11658960459183672,2266.0,352.0,0.375,0.375,1.0,0.8290816326530611,1.0,135.0
none,443.0,358.0,0.11658960459183672,437.0,352.0,0.375,0.375,1.0,0.8290816326530611,1.0,45.0
2,2365.0,357.0,2.289819834183673,2340.0,319.0,1.3660714285714284,2.1160714285714284,0.6455696202531646,0.7921320426904939,0.9105563480741797,4.6643900871276855
none,3085.0,320.0,0.11551339285714284,3079.0,314.0,0.375,0.375,1.0,0.8214285714285713,1.0,0.0
none,2644.0,320.0,0.11658960459183672,2638.0,314.0,0.375,0.375,1.0,0.8290816326530611,1.0,135.0
none,1256.0,320.0,0.11551339285714284,1250.0,314.0,0.375,0.375,1.0,0.8214285714285713,1.0,0.0
none,816.0,320.0,0.11658960459183672,810.0,314.0,0.375,0.375,1.0,0.8290816326530611,1.0,45.0
1,3726.0,320.0,1.3050860969387752,3701.0,299.0,1.3392857142857142,1.1785714285714286,1.1363636363636362,0.8268181818181817,0.9675531914893617,42.865631103515625
1,2806.0,320.0,1.2735172193877549,2782.0,299.0,1.3392857142857142,1.1785714285714286,1.1363636363636362,0.8068181818181817,0.9726027397260274,45.43595504760742
1,1207.0,319.0,1.2566565688775508,1182.0,299.0,1.3392857142857142,1.1785714285714286,1.1363636363636362,0.7961363636363635,0.9717059639389737,44.067649841308594
1,537.0,319.0,1.280333227040816,512.0,299.0,1.3392857142857142,1.1785714285714286,1.1363636363636362,0.8111363636363635,0.9612173444653919,49.44817352294922
1,3526.0,301.0,1.1601562499999998,3501.0,281.0,1.3392857142857142,1.125,1.1904761904761905,0.7699999999999999,0.9779256123374659,70.11463928222656
2,3281.0,320.0,2.3038105867346936,3256.0,281.0,1.3660714285714284,2.142857142857143,0.6375,0.7870098039215686,0.918084345961401,4.898445129394531
2,2595.0,320.0,2.2930484693877546,2570.0,281.0,1.3660714285714284,2.142857142857143,0.6375,0.7833333333333332,0.9095048377916903,5.82283353805542
2,1897.0,320.0,2.359414859693877,1872.0,280.0,1.3392857142857142,2.196428571428571,0.6097560975609756,0.8020731707317073,0.9273829667230683,3.959336519241333
none,3085.0,283.0,0.11658960459183672,3079.0,277.0,0.375,0.375,1.0,0.8290816326530611,1.0,135.0
none,2645.0,283.0,0.12771045918367344,2638.0,276.0,0.40178571428571425,0.40178571428571425,1.0,0.7911111111111111,1.0,0.0
none,816.0,283.0,0.12771045918367344,809.0,276.0,0.40178571428571425,0.40178571428571425,1.0,0.7911111111111111,1.0,0.0
none,389.0,280.0,0.1869021045918367,382.0,270.0,0.45535714285714285,0.5357142857142857,0.85,0.7661764705882352,0.9811676082862524,141.03472900390625
none,2217.0,279.0,0.20591517857142852,2210.0,269.0,0.4821428571428571,0.5625,0.8571428571428571,0.7592592592592592,0.9778534923339011,134.17909240722656
2,3036.0,301.0,2.4354671556122445,3011.0,262.0,1.3392857142857142,2.169642857142857,0.6172839506172839,0.8381481481481481,0.9397840531561461,4.7226152420043945
none,2390.0,269.0,0.12914540816326528,2384.0,262.0,0.375,0.40178571428571425,0.9333333333333335,0.857142857142857,1.0,0.0
2,1697.0,301.0,2.4447943239795915,1672.0,262.0,1.3392857142857142,2.169642857142857,0.6172839506172839,0.841358024691358,0.9409084633439183,5.086665630340576
2,1452.0,301.0,2.426857461734693,1427.0,262.0,1.3392857142857142,2.169642857142857,0.6172839506172839,0.835185185185185,0.9364617940199335,4.10295295715332
2,978.0,301.0,2.4465880102040813,954.0,262.0,1.3392857142857142,2.169642857142857,0.6172839506172839,0.8419753086419753,0.9421190772206107,5.222477436065674
2,767.0,301.0,2.4447943239795915,742.0,262.0,1.3392857142857142,2.169642857142857,0.6172839506172839,0.841358024691358,0.9409084633439183,5.086665630340576
none,146.0,303.0,1.245894451530612,112.0,262.0,1.5267857142857142,1.9553571428571428,0.7808219178082192,0.4173275654890651,0.6432672717169846,23.248388290405273
1,1207.0,264.0,1.165537308673469,1182.0,244.0,1.3660714285714284,1.125,1.2142857142857142,0.7584033613445377,0.9771428571428571,68.75408935546875
none,561.0,250.0,0.11443718112244895,555.0,244.0,0.375,0.375,1.0,0.8137755102040815,1.0,135.0
f,42.0,260.0,0.7275191326530611,29.0,241.0,0.8571428571428571,1.1517857142857142,0.7441860465116279,0.7369186046511628,0.9764082811747713,40.738624572753906
none,1256.0,245.0,0.11551339285714284,1250.0,239.0,0.375,0.375,1.0,0.8214285714285713,1.0,0.0
none,2068.0,245.0,0.28411989795918363,2058.0,235.0,0.5892857142857143,0.6160714285714285,0.9565217391304349,0.782608695652174,0.9753694581280788,153.2966766357422
none,2390.0,239.0,0.1546157525510204,2384.0,231.0,0.42857142857142855,0.45535714285714285,0.9411764705882353,0.7922794117647058,0.9885321100917432,142.04908752441406
none,2835.0,224.0,0.24537627551020402,2826.0,213.0,0.5892857142857143,0.6160714285714285,0.9565217391304349,0.6758893280632411,0.923076923076923,123.8141098022461
none,562.0,221.0,0.19048947704081629,555.0,212.0,0.4821428571428571,0.5089285714285714,0.9473684210526315,0.7763157894736842,0.986988847583643,137.80166625976562
none,3553.0,219.0,0.2593670280612244,3545.0,207.0,0.5357142857142857,0.6428571428571428,0.8333333333333334,0.7531249999999998,0.983673469387755,157.0904083251953
none,3308.0,219.0,0.27156409438775503,3300.0,206.0,0.5357142857142857,0.6696428571428571,0.8,0.7569999999999999,0.9793014230271668,156.8309326171875
none,3897.0,207.0,0.28124999999999994,3887.0,197.0,0.5892857142857143,0.6160714285714285,0.9565217391304349,0.7747035573122529,0.9800000000000001,167.47650146484375
none,1722.0,198.0,0.21811224489795913,1715.0,187.0,0.4821428571428571,0.5892857142857143,0.8181818181818181,0.7676767676767676,0.9559748427672956,151.68807983398438
none,1478.0,197.0,0.210578762755102,1471.0,187.0,0.45535714285714285,0.5892857142857143,0.7727272727272727,0.78475935828877,0.9591503267973857,158.63714599609375
none,1004.0,198.0,0.21882971938775506,997.0,187.0,0.4821428571428571,0.5892857142857143,0.8181818181818181,0.7702020202020201,0.957613814756672,153.30831909179688
none,146.0,228.0,1.245894451530612,112.0,187.0,1.5267857142857142,1.9553571428571428,0.7808219178082192,0.4173275654890651,0.6432672717169846,23.248384475708008
m,3947.0,3927.0,,,,,,,,,
m,3575.0,3927.0,,,,,,,,,
m,2332.0,3927.0,,,,,,,,,
m,1395.0,3927.0,,,,,,,,,
m,517.0,3927.0,,,,,,,,,
m,3947.0,3403.0,,,,,,,,,
m,3575.0,3403.0,,,,,,,,,
m,2332.0,3403.0,,,,,,,,,
m,1395.0,3403.0,,,,,,,,,
m,517.0,3403.0,,,,,,,,,
m,3349.0,2880.0,,,,,,,,,
m,2430.0,2880.0,,,,,,,,,
m,1436.0,2880.0,,,,,,,,,
m,517.0,2880.0,,,,,,,,,
m,3349.0,2357.0,,,,,,,,,
m,2430.0,2357.0,,,,,,,,,
m,1436.0,2357.0,,,,,,,,,
m,517.0,2357.0,,,,,,,,,
m,3638.0,1835.0,,,,,,,,,
m,2412.0,1835.0,,,,,,,,,
m,1395.0,1835.0,,,,,,,,,
m,431.0,1835.0,,,,,,,,,
m,3638.0,1311.0,,,,,,,,,
m,2412.0,1311.0,,,,,,,,,
m,1395.0,1311.0,,,,,,,,,
m,431.0,1311.0,,,,,,,,,
m,3401.0,788.0,,,,,,,,,
m,2471.0,788.0,,,,,,,,,
m,1572.0,788.0,,,,,,,,,
m,642.0,788.0,,,,,,,,,
m,3401.0,265.0,,,,,,,,,
m,2471.0,265.0,,,,,,,,,
m,1572.0,265.0,,,,,,,,,
m,642.0,265.0,,,,,,,,,
