state,cx,cy,area,width,height,aspectratio,extent,solidity,normangle
s,101,2303,1.0035133136094676,1.0096153846153846,1.5576923076923077,0.6481481481481481,0.6380952380952382,0.7416974169741698,0.0837756474812825
s,69,117,1.0043454142011836,1.0096153846153846,1.528846153846154,0.660377358490566,0.6506738544474394,0.7452917567150354,0.1201720873514811
s,101,840,1.0064256656804735,1.0096153846153846,1.5576923076923077,0.6481481481481481,0.63994708994709,0.7436212726713802,0.0952964146931966
s,101,2033,1.0072577662721895,1.0096153846153846,1.5576923076923077,0.6481481481481481,0.6404761904761906,0.7440073755377996,0.1140497737460666
s,69,2372,1.0089219674556211,1.0096153846153846,1.5576923076923077,0.6481481481481481,0.6415343915343916,0.7438650306748467,0.1054980595906575
s,69,2102,1.0110022189349115,1.0096153846153846,1.5576923076923077,0.6481481481481481,0.642857142857143,0.7451701931922724,0.1079106012980143
s,69,1357,1.0118343195266273,1.0096153846153846,1.5576923076923077,0.6481481481481481,0.6433862433862434,0.7425954198473281,0.1253989749484592
s,69,1699,1.0122503698224854,1.0096153846153846,1.528846153846154,0.660377358490566,0.6557951482479786,0.7511577647422044,0.1108227941724989
s,69,565,1.0122503698224854,1.0096153846153846,1.528846153846154,0.660377358490566,0.6557951482479786,0.7511577647422044,0.1108227941724989
s,69,2821,1.0126664201183433,1.0096153846153846,1.5576923076923077,0.6481481481481481,0.643915343915344,0.7432061068702289,0.1234244134691026
s,101,2752,1.0134985207100593,1.0096153846153846,1.5576923076923077,0.6481481481481481,0.6444444444444445,0.7444987775061124,0.1237668673197428
s,101,1630,1.0134985207100593,1.0096153846153846,1.5576923076923077,0.6481481481481481,0.6444444444444445,0.7447263833690003,0.0696027490827772
s,101,496,1.0134985207100593,1.0096153846153846,1.528846153846154,0.660377358490566,0.6566037735849057,0.7520839765359678,0.1056069162156846
s,101,1288,1.0139145710059174,1.0096153846153846,1.5576923076923077,0.6481481481481481,0.6447089947089949,0.743894993894994,0.1203458574083116
s,101,49,1.014330621301775,1.0096153846153846,1.5576923076923077,0.6481481481481481,0.6449735449735451,0.7451100244498777,0.1028709093729654
s,69,909,1.0147466715976332,1.0096153846153846,1.5576923076923077,0.6481481481481481,0.6452380952380953,0.7447328244274808,0.1220824559529622
q,2210,583,1.021403476331361,1.2692307692307694,1.0384615384615383,1.2222222222222223,0.7749368686868686,0.983573717948718,0.3667295244004991
q,1845,445,1.025563979289941,1.2692307692307694,1.0384615384615383,1.2222222222222223,0.7780934343434343,0.984818218138234,0.3749103546142578
q,3797,1717,1.0284763313609468,1.2692307692307694,1.0673076923076923,1.1891891891891893,0.7592137592137591,0.9832935560859188,0.3665705362955729
q,3167,1786,1.0297244822485208,1.2692307692307694,1.0673076923076923,1.1891891891891893,0.7601351351351351,0.9829229547259728,0.3713918050130208
q,2689,2665,1.0301405325443789,1.2692307692307694,1.0673076923076923,1.1891891891891893,0.7604422604422605,0.983320095313741,0.3688372294108072
q,572,1947,1.0301405325443789,1.2980769230769231,1.0384615384615383,1.25,0.7641975308641975,0.984493041749503,0.3721975962320963
q,1124,995,1.0309726331360949,1.2692307692307694,1.0673076923076923,1.1891891891891893,0.7610565110565111,0.9806094182825486,0.3658792283799913
q,1592,617,1.0309726331360949,1.2692307692307694,1.0673076923076923,1.1891891891891893,0.7610565110565111,0.9841143764892772,0.3695618099636502
q,1997,583,1.031804733727811,1.2980769230769231,1.0384615384615383,1.25,0.7654320987654322,0.9841269841269844,0.3711263020833333
q,585,995,1.0322207840236688,1.2692307692307694,1.0673076923076923,1.1891891891891893,0.7619778869778869,0.9833531510107014,0.3702477349175347
q,2937,960,1.032636834319527,1.2692307692307694,1.0673076923076923,1.1891891891891893,0.7622850122850122,0.9853116315998413,0.3700467851426866
q,3074,1374,1.0330528846153848,1.2980769230769231,1.0384615384615383,1.25,0.766358024691358,0.9845360824742267,0.3681183709038628
q,444,204,1.0330528846153848,1.2980769230769231,1.0384615384615383,1.25,0.766358024691358,0.9845360824742267,0.3707781897650825
q,2149,2390,1.0338849852071008,1.2980769230769231,1.0673076923076923,1.2162162162162162,0.7462462462462464,0.9795033504138746,0.3678323109944661
q,2149,2459,1.0355491863905326,1.2980769230769231,1.0673076923076923,1.2162162162162162,0.7474474474474475,0.9810800157666534,0.3694645351833767
q,2823,1374,1.0355491863905326,1.2980769230769231,1.0384615384615383,1.25,0.7682098765432098,0.983794466403162,0.3710850609673394
q,2650,1236,1.0355491863905326,1.2980769230769231,1.0673076923076923,1.2162162162162162,0.7474474474474475,0.9806934594168636,0.3693187713623047
q,1592,204,1.0359652366863907,1.2692307692307694,1.0384615384615383,1.2222222222222223,0.7859848484848485,0.9799291617473436,0.3619526757134331
q,1252,1270,1.0363812869822486,1.2980769230769231,1.0673076923076923,1.2162162162162162,0.7480480480480481,0.9791666666666669,0.3693294949001736
q,2030,1201,1.0363812869822486,1.2980769230769231,1.0673076923076923,1.2162162162162162,0.7480480480480481,0.9791666666666669,0.3693294949001736
q,1823,1201,1.0363812869822486,1.2980769230769231,1.0673076923076923,1.2162162162162162,0.7480480480480481,0.9791666666666669,0.3693294949001736
q,1968,2390,1.0367973372781067,1.2980769230769231,1.0673076923076923,1.2162162162162162,0.7483483483483485,0.9811023622047244,0.3707217322455512
q,559,479,1.0376294378698223,1.2980769230769231,1.0673076923076923,1.2162162162162162,0.748948948948949,0.983826429980276,0.3708531697591146
q,2372,1408,1.0384615384615383,1.2980769230769231,1.0673076923076923,1.2162162162162162,0.7495495495495497,0.9830641985033478,0.3685696072048611
q,1088,410,1.0384615384615383,1.2980769230769231,1.0673076923076923,1.2162162162162162,0.7495495495495497,0.9838391801340164,0.3708370208740234
q,3167,1717,1.0388775887573969,1.2692307692307694,1.0673076923076923,1.1891891891891893,0.7668918918918919,0.9761532447224396,0.3899907430013021
q,2795,204,1.0392936390532546,1.2980769230769231,1.0384615384615383,1.25,0.7709876543209876,0.97578125,0.3843859778510199
q,563,2769,1.039709689349113,1.2980769230769231,1.0673076923076923,1.2162162162162162,0.7504504504504507,0.981925343811395,0.3707370334201388
q,449,2424,1.039709689349113,1.2980769230769231,1.0673076923076923,1.2162162162162162,0.7504504504504507,0.9803844644958808,0.3667777591281467
q,1541,2735,1.0401257396449706,1.2980769230769231,1.0673076923076923,1.2162162162162162,0.7507507507507508,0.9784735812133072,0.3710360209147135
q,3797,1786,1.0401257396449706,1.2692307692307694,1.0673076923076923,1.1891891891891893,0.7678132678132678,0.9777082518576456,0.3858992682562934
q,811,2734,1.0405417899408285,1.2980769230769231,1.0673076923076923,1.2162162162162162,0.7510510510510511,0.9827111984282908,0.3726647271050347
q,1894,1786,1.0405417899408285,1.2980769230769231,1.0673076923076923,1.2162162162162162,0.7510510510510511,0.9803998431987456,0.3695610046386718
q,267,2390,1.0413738905325445,1.2980769230769231,1.0673076923076923,1.2162162162162162,0.7516516516516517,0.9823390894819466,0.3723555670844184
q,1968,2665,1.0417899408284026,1.2980769230769231,1.0673076923076923,1.2162162162162162,0.7519519519519521,0.9777430691136276,0.3714615715874566
q,3466,2735,1.0426220414201186,1.2980769230769231,1.0673076923076923,1.2162162162162162,0.7525525525525527,0.9796716184519156,0.3707283867730034
q,2872,2700,1.0426220414201186,1.2692307692307694,1.0673076923076923,1.1891891891891893,0.7696560196560197,0.9754768392370572,0.3848202599419488
q,1426,2390,1.0426220414201186,1.2980769230769231,1.0673076923076923,1.2162162162162162,0.7525525525525527,0.9728260869565218,0.3775020599365234
q,3365,410,1.0426220414201186,1.2980769230769231,1.0673076923076923,1.2162162162162162,0.7525525525525527,0.981974921630094,0.3731633928087022
q,2087,169,1.0430380917159765,1.2980769230769231,1.0673076923076923,1.2162162162162162,0.752852852852853,0.9796795623290347,0.3731165568033854
q,1294,410,1.0451183431952664,1.2980769230769231,1.0673076923076923,1.2162162162162162,0.7543543543543545,0.9808668488871534,0.3721141815185547
q,690,2459,1.0467825443786984,1.2980769230769231,1.0673076923076923,1.2162162162162162,0.7555555555555558,0.9774669774669776,0.3726434071858724
q,3466,2838,1.0484467455621302,1.2980769230769231,1.0673076923076923,1.2162162162162162,0.7567567567567568,0.9752321981424148,0.3861071692572699
q,3787,995,1.0517751479289943,1.2980769230769231,1.0673076923076923,1.2162162162162162,0.7591591591591593,0.9734308817866768,0.3929178025987413
q,2372,995,1.054271449704142,1.2980769230769231,1.0673076923076923,1.2162162162162162,0.760960960960961,0.9780007719027404,0.3728934817843967
q,1199,1999,1.0713295118343198,1.2692307692307694,1.0961538461538465,1.1578947368421053,0.7700358851674641,0.969868173258004,0.3366169611612956
q,2504,1999,1.0738258136094676,1.2692307692307694,1.0961538461538465,1.1578947368421053,0.7718301435406698,0.9713963116296574,0.3362130059136284
q,2201,1254,1.0738258136094676,1.2692307692307694,1.0961538461538465,1.1578947368421053,0.7718301435406698,0.9703007518796992,0.3319926367865668
q,1695,1254,1.0738258136094676,1.2692307692307694,1.0961538461538465,1.1578947368421053,0.7718301435406698,0.9703007518796992,0.3319926367865668
q,1426,2475,1.0750739644970415,1.2692307692307694,1.0673076923076923,1.1891891891891893,0.7936117936117936,0.9806451612903224,0.313332027859158
q,973,463,1.0767381656804735,1.2692307692307694,1.0961538461538465,1.1578947368421053,0.7739234449760766,0.9682005237560792,0.326163101196289
q,1997,463,1.0775702662721895,1.2692307692307694,1.0961538461538465,1.1578947368421053,0.7745215311004785,0.967862481315396,0.3289700402153863
q,2210,221,1.0779863165680474,1.2692307692307694,1.0961538461538465,1.1578947368421053,0.7748205741626794,0.969685628742515,0.3390835656060113
q,2824,1254,1.0813147189349115,1.2692307692307694,1.0961538461538465,1.1578947368421053,0.7772129186602871,0.9679702048417133,0.3309687720404731
q,3916,1254,1.0817307692307694,1.2692307692307694,1.0961538461538465,1.1578947368421053,0.777511961722488,0.968342644320298,0.3342558119032118
q,2909,463,1.0825628698224854,1.2692307692307694,1.0961538461538465,1.1578947368421053,0.77811004784689,0.9676459650427668,0.336987198723687
q,1444,463,1.0825628698224854,1.2692307692307694,1.0961538461538465,1.1578947368421053,0.77811004784689,0.9676459650427668,0.3313883039686415
q,1785,2459,1.0838110207100593,1.2692307692307694,1.125,1.1282051282051284,0.759032634032634,0.983761329305136,0.334381463792589
q,3074,1012,1.0842270710059174,1.2980769230769231,1.0961538461538465,1.1842105263157894,0.7619883040935673,0.9680534918276374,0.3290006637573242
q,1425,2718,1.084643121301775,1.2692307692307694,1.0961538461538465,1.1578947368421053,0.7796052631578947,0.9684249628528976,0.3367386711968316
q,3631,411,1.0850591715976332,1.2692307692307694,1.125,1.1282051282051284,0.7599067599067598,0.9826676714393368,0.3429616928100586
q,3074,1254,1.085475221893491,1.2692307692307694,1.0961538461538465,1.1578947368421053,0.7802033492822966,0.9539305301645338,0.3614722781711154
q,1124,1046,1.085475221893491,1.2692307692307694,1.0961538461538465,1.1578947368421053,0.7802033492822966,0.9702491632577168,0.3266468048095703
q,1845,204,1.085475221893491,1.2692307692307694,1.125,1.1282051282051284,0.7601981351981352,0.9852719033232628,0.3341498268975152
q,2507,2459,1.0863073224852071,1.2692307692307694,1.125,1.1282051282051284,0.7607808857808858,0.9852830188679246,0.3384746975368923
q,2210,463,1.0863073224852071,1.2692307692307694,1.0961538461538465,1.1578947368421053,0.7808014354066986,0.9571114369501468,0.3579020182291667
q,1539,1982,1.0875554733727812,1.2692307692307694,1.125,1.1282051282051284,0.7616550116550116,0.9827067669172932,0.3456189473470052
q,1592,463,1.0888036242603552,1.2692307692307694,1.0961538461538465,1.1578947368421053,0.7825956937799042,0.9575557994877424,0.3543280707465278
q,2649,995,1.0896357248520712,1.2692307692307694,1.125,1.1282051282051284,0.7631118881118881,0.982370592648162,0.3406446880764431
q,3130,411,1.090051775147929,1.2980769230769231,1.125,1.153846153846154,0.7464387464387464,0.9794392523364484,0.3395353741115994
q,2372,1254,1.090883875739645,1.2692307692307694,1.0961538461538465,1.1578947368421053,0.7840909090909091,0.9541484716157204,0.3610385894775391
q,2856,2016,1.0912999260355032,1.2692307692307694,1.153846153846154,1.1,0.7451704545454546,0.982029202545863,0.3394819683498806
q,861,1374,1.0912999260355032,1.2692307692307694,1.125,1.1282051282051284,0.7642773892773893,0.9831334332833584,0.3431476593017578
q,282,1236,1.0912999260355032,1.2980769230769231,1.125,1.153846153846154,0.7472934472934474,0.9790966778648752,0.3424364301893446
q,1061,2838,1.0921320266272192,1.2692307692307694,1.125,1.1282051282051284,0.7648601398601399,0.9824101796407188,0.3402146021525065
q,1445,961,1.095460428994083,1.2692307692307694,1.125,1.1282051282051284,0.7671911421911422,0.97735708982925,0.365361319647895
q,444,255,1.096292529585799,1.2980769230769231,1.0961538461538465,1.1842105263157894,0.77046783625731,0.968038207200588,0.318947410583496
q,262,1947,1.097124630177515,1.2692307692307694,1.153846153846154,1.1,0.7491477272727273,0.9802973977695169,0.3382006539238824
q,2856,1786,1.097124630177515,1.2692307692307694,1.153846153846154,1.1,0.7491477272727273,0.9799331103678932,0.3426445219251844
q,2795,255,1.097124630177515,1.2692307692307694,1.0961538461538465,1.1578947368421053,0.7885765550239235,0.9773906597479616,0.3089808993869357
q,2193,2120,1.0979567307692308,1.2692307692307694,1.125,1.1282051282051284,0.7689393939393938,0.976683937823834,0.3676651848687066
q,889,1947,1.0979567307692308,1.2692307692307694,1.153846153846154,1.1,0.749715909090909,0.9806763285024156,0.3433072196112738
q,3788,1046,1.102949334319527,1.2692307692307694,1.0961538461538465,1.1578947368421053,0.7927631578947367,0.9789512555391432,0.3035335328843858
q,751,170,1.102949334319527,1.2692307692307694,1.125,1.1282051282051284,0.7724358974358974,0.9767870302137066,0.3685759650336371
q,3487,1786,1.1033653846153848,1.2692307692307694,1.153846153846154,1.1,0.7534090909090909,0.9757174392935982,0.3636802673339844
q,3200,2838,1.1046135355029587,1.2692307692307694,1.125,1.1282051282051284,0.7736013986013985,0.9761029411764708,0.374123297797309
q,3487,2016,1.1062777366863907,1.2692307692307694,1.153846153846154,1.1,0.7553977272727272,0.9772142594634324,0.3434697257147895
q,1890,186,1.1079419378698228,1.2692307692307694,1.0961538461538465,1.1578947368421053,0.7963516746411484,0.9697742170429716,0.275210338168674
q,3858,463,1.110022189349113,1.2980769230769231,1.0961538461538465,1.1842105263157894,0.7801169590643275,0.9776474899230488,0.301806026034885
q,3200,2718,1.1108542899408285,1.2692307692307694,1.125,1.1282051282051284,0.7779720279720279,0.9740970448741336,0.3000172509087456
q,2265,2338,1.1108542899408285,1.2692307692307694,1.0961538461538465,1.1578947368421053,0.798444976076555,0.9677419354838708,0.2657046212090386
q,2695,978,1.1108542899408285,1.2692307692307694,1.0961538461538465,1.1578947368421053,0.798444976076555,0.9680928208846992,0.2656087451510959
q,1253,978,1.1112703402366866,1.2692307692307694,1.0961538461538465,1.1578947368421053,0.7987440191387559,0.9684554024655548,0.2623745388454861
q,2309,187,1.1112703402366866,1.2980769230769231,1.0961538461538465,1.1842105263157894,0.7809941520467836,0.9611370996761426,0.2780462265014648
q,1786,2338,1.1116863905325445,1.2692307692307694,1.0961538461538465,1.1578947368421053,0.7990430622009569,0.9674149167270094,0.2665888680352105
q,541,978,1.1116863905325445,1.2692307692307694,1.0961538461538465,1.1578947368421053,0.7990430622009569,0.9688179840464104,0.2664661831325955
q,1199,2068,1.1121024408284026,1.2692307692307694,1.0961538461538465,1.1578947368421053,0.799342105263158,0.9475363346331088,0.3035952885945638
q,690,2752,1.1129345414201186,1.2692307692307694,1.0961538461538465,1.1578947368421053,0.7999401913875599,0.969554186299384,0.2711321724785698
q,3760,2459,1.1141826923076923,1.2980769230769231,1.153846153846154,1.125,0.7438888888888889,0.9724037763253448,0.3393103493584526
q,2193,1999,1.1145987426035504,1.2692307692307694,1.153846153846154,1.1,0.7610795454545454,0.966101694915254,0.3295481787787543
q,2508,2338,1.1166789940828403,1.2980769230769231,1.0961538461538465,1.1842105263157894,0.7847953216374268,0.9651204602660912,0.2530582427978515
q,2649,1391,1.1170950443786984,1.2692307692307694,1.125,1.1282051282051284,0.7823426573426574,0.9609878310665712,0.2842553668551975
q,1695,1322,1.1170950443786984,1.2692307692307694,1.125,1.1282051282051284,0.7823426573426574,0.9589285714285716,0.2694658491346571
q,1845,600,1.1170950443786984,1.2692307692307694,1.125,1.1282051282051284,0.7823426573426574,0.9599570968895244,0.2656791898939344
q,3189,978,1.1179271449704145,1.2692307692307694,1.0961538461538465,1.1578947368421053,0.8035287081339714,0.9700361010830326,0.2628885904947917
q,559,187,1.1179271449704145,1.2692307692307694,1.0961538461538465,1.1578947368421053,0.8035287081339714,0.9696860339227716,0.2533702214558919
q,2504,2068,1.1183431952662723,1.2692307692307694,1.0961538461538465,1.1578947368421053,0.8038277511961722,0.9484827099506,0.3029200024074978
q,572,2068,1.1183431952662723,1.2692307692307694,1.0961538461538465,1.1578947368421053,0.8038277511961722,0.9484827099506,0.3029200024074978
q,1062,2718,1.1191752958579884,1.2692307692307694,1.125,1.1282051282051284,0.7837995337995338,0.961057520543051,0.3437829547458225
q,689,2821,1.1195913461538465,1.2980769230769231,1.0961538461538465,1.1842105263157894,0.7868421052631578,0.966594827586207,0.2691581726074218
q,973,532,1.1200073964497044,1.2692307692307694,1.125,1.1282051282051284,0.7843822843822844,0.9593727726300784,0.2782324473063151
q,266,2510,1.1204234467455625,1.2692307692307694,1.125,1.1282051282051284,0.7846736596736597,0.9704504504504504,0.2841585795084635
q,1444,1254,1.1216715976331362,1.2692307692307694,1.125,1.1282051282051284,0.7855477855477855,0.96011396011396,0.3478216807047526
q,861,1254,1.1233357988165682,1.2692307692307694,1.125,1.1282051282051284,0.7867132867132867,0.9601706970128024,0.34680970509847
q,3440,1254,1.126248150887574,1.2692307692307694,1.125,1.1282051282051284,0.7887529137529137,0.9561992228894384,0.3157008912828233
q,2511,463,1.12916050295858,1.2692307692307694,1.125,1.1282051282051284,0.7907925407925408,0.9593495934959352,0.3346337636311849
q,751,463,1.129992603550296,1.2692307692307694,1.125,1.1282051282051284,0.7913752913752914,0.9597173144876324,0.3391283459133572
q,3365,531,1.131656804733728,1.2692307692307694,1.125,1.1282051282051284,0.7925407925407925,0.9464161447459986,0.3057348039415147
q,2872,2855,1.132904955621302,1.2692307692307694,1.125,1.1282051282051284,0.7934149184149184,0.966974431818182,0.2524433771769205
q,3074,943,1.132904955621302,1.2692307692307694,1.125,1.1282051282051284,0.7934149184149184,0.9673179396092364,0.2510945002237956
q,2210,152,1.132904955621302,1.2692307692307694,1.125,1.1282051282051284,0.7934149184149184,0.9666311679091232,0.2584325366550021
q,2689,2372,1.1354012573964498,1.2692307692307694,1.125,1.1282051282051284,0.7951631701631701,0.9677304964539004,0.2576501422458225
q,2030,1323,1.135817307692308,1.2692307692307694,1.125,1.1282051282051284,0.7954545454545455,0.9639830508474576,0.2261518478393554
q,448,2786,1.1378975591715978,1.2692307692307694,1.125,1.1282051282051284,0.796911421911422,0.9664310954063604,0.2758528391520182
q,1850,1768,1.1399778106508878,1.2692307692307694,1.125,1.1282051282051284,0.7983682983682984,0.9678558813140232,0.2482365078396267
q,3487,1700,1.1399778106508878,1.2692307692307694,1.125,1.1282051282051284,0.7983682983682984,0.9617409617409616,0.2084968143039279
q,2511,531,1.1416420118343198,1.2692307692307694,1.125,1.1282051282051284,0.7995337995337995,0.961120840630473,0.1761877059936523
q,751,531,1.1424741124260356,1.2692307692307694,1.125,1.1282051282051284,0.80011655011655,0.9604756908009792,0.1770038180881076
q,2856,1734,1.1462185650887575,1.2692307692307694,1.125,1.1282051282051284,0.8027389277389276,0.948038540949759,0.3013170454237196
q,3440,1322,1.1487148668639056,1.2403846153846154,1.125,1.1025641025641026,0.8231961836613001,0.971157228279986,0.1805483712090386
q,1445,1046,1.1495469674556216,1.2692307692307694,1.153846153846154,1.1,0.7849431818181819,0.9763250883392226,0.2476984024047851
q,751,255,1.1512111686390534,1.2692307692307694,1.153846153846154,1.1,0.7860795454545454,0.9801629472192702,0.2567681842380099
q,889,2068,1.1520432692307694,1.2692307692307694,1.153846153846154,1.1,0.7866477272727272,0.9427987742594484,0.3466063817342122
q,262,2068,1.1524593195266273,1.2692307692307694,1.153846153846154,1.1,0.7869318181818181,0.9450699419993176,0.3382038752237956
q,1445,1322,1.1545395710059174,1.2692307692307694,1.125,1.1282051282051284,0.8085664335664337,0.9723195515066574,0.216147952609592
q,2855,2103,1.1599482248520712,1.2403846153846154,1.125,1.1025641025641026,0.8312462731067384,0.9613793103448276,0.217753537495931
q,3858,532,1.1624445266272192,1.2980769230769231,1.125,1.153846153846154,0.7960113960113961,0.9535836177474404,0.2940168380737304
q,3630,532,1.1624445266272192,1.2692307692307694,1.125,1.1282051282051284,0.8141025641025641,0.9598076262452766,0.2482772403293185
q,1293,532,1.164940828402367,1.2692307692307694,1.125,1.1282051282051284,0.8158508158508158,0.9712105445716268,0.1791578080919053
q,1538,2103,1.172429733727811,1.2692307692307694,1.125,1.1282051282051284,0.8210955710955711,0.9598092643051772,0.2531063715616862
q,282,1357,1.1753420857988168,1.2692307692307694,1.153846153846154,1.1,0.8025568181818182,0.9518194070080864,0.3480905320909288
s,38,2325,1.1761741863905326,1.0096153846153846,1.8173076923076923,0.5555555555555555,0.6410430839002268,0.7354318418314255,0.0150195558865865
s,38,862,1.1765902366863907,1.0096153846153846,1.8461538461538465,0.546875,0.6312500000000001,0.7292418772563177,0.0217244373427497
s,38,71,1.1770062869822486,1.0096153846153846,1.8461538461538465,0.546875,0.6314732142857143,0.7294997421351211,0.018012077278561
s,490,1275,1.1811667899408285,1.0096153846153846,1.8461538461538465,0.546875,0.6337053571428571,0.7324561403508771,0.0173900405565897
q,3130,532,1.1824149408284026,1.2692307692307694,1.125,1.1282051282051284,0.828088578088578,0.9594868332207968,0.2315496656629774
s,38,1653,1.1907359467455625,1.0096153846153846,1.8461538461538465,0.546875,0.6388392857142858,0.733094262295082,0.015037108792199
s,760,2739,1.202385355029586,1.0096153846153846,1.8173076923076923,0.5555555555555555,0.6553287981859411,0.7498702646600934,0.0165309720569186
s,1799,2021,1.2094582100591718,1.0096153846153846,1.8461538461538465,0.546875,0.6488839285714286,0.7461498973305954,0.0157913751072353
s,37,1305,1.3550758136094676,1.0096153846153846,2.105769230769231,0.4794520547945205,0.6373776908023484,0.7296146953405017,0.0093512939082251
s,37,2769,1.3559079142011836,1.0096153846153846,2.105769230769231,0.4794520547945205,0.6377690802348338,0.7300627240143369,0.0093917528788248
s,38,2050,1.3567400147928996,1.0096153846153846,2.105769230769231,0.4794520547945205,0.6381604696673191,0.730510752688172,0.0086990005440182
s,37,514,1.3567400147928996,1.0096153846153846,2.105769230769231,0.4794520547945205,0.6381604696673191,0.730510752688172,0.0083059966564178
s,132,2355,1.3954326923076923,1.0096153846153846,2.105769230769231,0.4794520547945205,0.6563600782778867,0.7468269873079493,0.0066897730032602
s,132,2085,1.3958487426035504,1.0096153846153846,2.105769230769231,0.4794520547945205,0.6565557729941293,0.7470496548652861,0.0061272044976552
s,132,548,1.3970968934911243,1.0096153846153846,2.105769230769231,0.4794520547945205,0.6571428571428574,0.7477176575372968,0.008396797047721
s,132,1682,1.3975129437869824,1.0096153846153846,2.105769230769231,0.4794520547945205,0.6573385518591,0.7479403250946337,0.0059743993812137
s,132,891,1.4016734467455625,1.0096153846153846,2.105769230769231,0.4794520547945205,0.6592954990215265,0.7501670006680027,0.0097300443384382
s,132,100,1.4016734467455625,1.0096153846153846,2.105769230769231,0.4794520547945205,0.6592954990215265,0.7501670006680027,0.0086859511004553
s,132,1339,1.4025055473372785,1.0096153846153846,2.105769230769231,0.4794520547945205,0.6596868884540119,0.7506123357826765,0.0089281022548675
s,132,2803,1.4029215976331364,1.0096153846153846,2.105769230769231,0.4794520547945205,0.6598825831702546,0.7508350033400134,0.0098840011490715
q,2030,943,2.0669378698224854,1.2980769230769231,2.048076923076924,0.6338028169014084,0.7774647887323943,0.8936859147328655,0.0160434153344896
q,3614,978,2.073178624260356,1.2980769230769231,2.076923076923077,0.625,0.7689814814814815,0.8883936530575861,0.022694018152025
q,2201,978,2.074010724852071,1.2980769230769231,2.076923076923077,0.625,0.76929012345679,0.891611518511894,0.02246482902103
q,1444,187,2.0744267751479293,1.2980769230769231,2.048076923076924,0.6338028169014084,0.780281690140845,0.8906752411575563,0.01944719420539
q,2648,187,2.0748428254437874,1.2980769230769231,2.048076923076924,0.6338028169014084,0.7804381846635369,0.8894239343677547,0.0228141837649875
q,1061,2441,2.0777551775147933,1.2980769230769231,2.048076923076924,0.6338028169014084,0.7815336463223788,0.8905135520684736,0.022152202659183
q,1294,152,2.0777551775147933,1.2980769230769231,2.048076923076924,0.6338028169014084,0.7815336463223788,0.8897202921788706,0.0176351467768351
q,267,2786,2.081083579881657,1.2980769230769231,2.048076923076924,0.6338028169014084,0.7827856025039123,0.8905109489051094,0.0243761698404947
q,540,1288,2.082331730769232,1.2980769230769231,2.048076923076924,0.6338028169014084,0.7832550860719876,0.8984024412134267,0.0231491565704345
q,974,186,2.082747781065089,1.2980769230769231,2.048076923076924,0.6338028169014084,0.7834115805946792,0.8979372197309418,0.0276644494798448
q,1695,978,2.083995931952663,1.2980769230769231,2.076923076923077,0.625,0.7729938271604938,0.901872524306806,0.0229688141081068
q,2909,187,2.083995931952663,1.2980769230769231,2.048076923076924,0.6338028169014084,0.7838810641627543,0.9012234616768622,0.0250727123684353
q,1200,1768,2.086076183431953,1.2980769230769231,2.048076923076924,0.6338028169014084,0.7846635367762128,0.8990496682804375,0.0258569187588161
q,3859,186,2.086908284023669,1.2980769230769231,2.048076923076924,0.6338028169014084,0.7849765258215962,0.9015097052480228,0.0238039970397949
q,1849,2033,2.090236686390533,1.2980769230769231,2.048076923076924,0.6338028169014084,0.7862284820031299,0.9010043041606888,0.0223822249306572
q,3916,978,2.0960613905325447,1.2980769230769231,2.076923076923077,0.625,0.7774691358024691,0.9020590868397494,0.0235900349087185
q,2505,1768,2.096477440828403,1.2980769230769231,2.048076923076924,0.6338028169014084,0.7885758998435055,0.902076620121733,0.025645014974806
q,2507,2718,2.1072947485207103,1.2980769230769231,2.076923076923077,0.625,0.7816358024691358,0.8982089022876396,0.0268397384219699
q,2149,2735,2.150147928994083,1.2692307692307694,2.076923076923077,0.6111111111111112,0.8156565656565656,0.9221984296930764,0.018025071091122
q,3200,2441,2.150563979289941,1.2692307692307694,2.105769230769231,0.6027397260273973,0.8046388542963886,0.921718972895863,0.0177716241942511
q,3631,153,2.150563979289941,1.2692307692307694,2.105769230769231,0.6027397260273973,0.8046388542963886,0.921718972895863,0.0177716281678941
q,889,1734,2.158052884615385,1.2692307692307694,2.1346153846153846,0.5945945945945946,0.7965294840294841,0.9201703033528472,0.0156433741251627
q,1539,1769,2.158468934911243,1.2692307692307694,2.1346153846153846,0.5945945945945946,0.7966830466830468,0.9216557114940488,0.018617304166158
q,3131,152,2.160549186390533,1.2692307692307694,2.1346153846153846,0.5945945945945946,0.79745085995086,0.9205814571884418,0.0171039091216193
q,1245,2458,2.163877588757397,1.2980769230769231,2.076923076923077,0.625,0.8026234567901235,0.9067294281729428,0.0228004429075453
q,283,978,2.1659578402366866,1.2692307692307694,2.1346153846153846,0.5945945945945946,0.7994471744471744,0.923377084072366,0.0161291639010111
q,1785,2736,2.1755269970414206,1.2692307692307694,2.105769230769231,0.6027397260273973,0.8139788293897884,0.9125654450261782,0.0189477894041273
q,2511,169,2.1784393491124265,1.2692307692307694,2.105769230769231,0.6027397260273973,0.8150684931506851,0.9072950961705076,0.0150958604282803
q,263,1734,2.1792714497041423,1.2980769230769231,2.1346153846153846,0.6081081081081081,0.7864864864864866,0.9183029453015428,0.0205873290697733
q,1124,1305,2.183015902366864,1.2692307692307694,2.105769230769231,0.6027397260273973,0.8167808219178082,0.9076284379865074,0.018602270550198
q,2794,514,2.183015902366864,1.2692307692307694,2.105769230769231,0.6027397260273973,0.8167808219178082,0.9068441064638784,0.0122325857480367
q,3365,135,2.185096153846154,1.2692307692307694,2.105769230769231,0.6027397260273973,0.8175591531755916,0.9145046143130768,0.0141788469420539
q,3440,960,2.191336908284024,1.2980769230769231,2.105769230769231,0.6164383561643836,0.8016742770167429,0.9015748031496064,0.0247529718610975
q,3787,1305,2.196745562130178,1.2980769230769231,2.105769230769231,0.6164383561643836,0.8036529680365297,0.9030271934325296,0.0171779500113593
q,572,1717,2.1975776627218937,1.2980769230769231,2.105769230769231,0.6164383561643836,0.8039573820395738,0.9086530190951316,0.0145893149905734
q,3467,2457,2.2046505177514795,1.2980769230769231,2.076923076923077,0.625,0.8177469135802469,0.925104748603352,0.0190162155363294
q,3166,2051,2.2046505177514795,1.2980769230769231,2.105769230769231,0.6164383561643836,0.806544901065449,0.9153567110036276,0.0224576155344645
q,3798,2050,2.205482618343196,1.2692307692307694,2.105769230769231,0.6027397260273973,0.8251867995018681,0.9228760445682452,0.015907084941864
q,1824,960,2.2067307692307696,1.2692307692307694,2.105769230769231,0.6027397260273973,0.8256537982565381,0.9221140472879,0.0150192631615532
q,2872,2424,2.2133875739644973,1.2692307692307694,2.105769230769231,0.6027397260273973,0.8281444582814446,0.925056511910972,0.0212639040417141
q,444,514,2.216299926035503,1.2980769230769231,2.105769230769231,0.6164383561643836,0.810806697108067,0.905336505778382,0.0180754423141479
q,1088,169,2.220460428994083,1.2692307692307694,2.105769230769231,0.6027397260273973,0.8307907845579078,0.9255983350676378,0.0190971997049119
q,2194,1785,2.226285133136095,1.2692307692307694,2.1346153846153846,0.5945945945945946,0.8217137592137591,0.9341829608938548,0.0219153788354661
q,862,994,2.235438239644971,1.2692307692307694,2.1346153846153846,0.5945945945945946,0.8250921375921376,0.9341098748261476,0.0160611775186326
q,3759,2770,2.2728827662721898,1.2692307692307694,2.1346153846153846,0.5945945945945946,0.8389127764127764,0.9348049281314168,0.0202572955025566
f,2389,500,0.6421396683673468,0.7767857142857142,1.1517857142857142,0.6744186046511628,0.7177225340817963,0.9686147186147186,0.2241765128241645
f,3710,276,0.6546954719387754,0.8035714285714285,1.125,0.7142857142857142,0.7242063492063492,0.9801288936627284,0.2349680370754665
f,3235,1107,0.6557716836734693,0.8035714285714285,1.125,0.7142857142857142,0.7253968253968253,0.9827956989247312,0.2328418519761827
f,2495,1462,0.657924107142857,0.8035714285714285,1.125,0.7142857142857142,0.7277777777777776,0.9750132908027644,0.2374730639987521
f,2683,1332,0.6622289540816325,0.7767857142857142,1.1785714285714286,0.659090909090909,0.7233542319749215,0.9644723092998956,0.2098090489705403
n,2278,1093,0.8771125637755101,0.75,1.3392857142857142,0.56,0.8732142857142857,0.9842995169082126,0.4214694129096137
n,62,187,0.8771125637755101,0.75,1.3392857142857142,0.56,0.8732142857142857,0.9842995169082126,0.4214694129096137
n,578,980,0.8803411989795916,0.75,1.3392857142857142,0.56,0.8764285714285713,0.9792498004788508,0.4334570142957899
n,2278,1448,0.8842873086734692,0.75,1.3392857142857142,0.56,0.8803571428571427,0.9773988897700238,0.4464925130208333
q,1672,1429,1.052535076530612,1.2857142857142856,1.0714285714285714,1.2,0.7640625,0.986218487394958,0.3693851894802517
q,632,1429,1.052535076530612,1.2857142857142856,1.0714285714285714,1.2,0.7640625,0.986218487394958,0.3693851894802517
q,1265,224,1.05289381377551,1.2857142857142856,1.0714285714285714,1.2,0.7643229166666665,0.9842387659289068,0.3654454973008897
q,632,980,1.053611288265306,1.2857142857142856,1.0714285714285714,1.2,0.7648437499999999,0.984579282601408,0.3704134623209635
q,2633,522,1.054328762755102,1.2857142857142856,1.0714285714285714,1.2,0.7653645833333333,0.9842598794373744,0.3711215549045139
q,2918,224,1.054328762755102,1.2857142857142856,1.0714285714285714,1.2,0.7653645833333333,0.9852497485752598,0.3700615776909722
q,759,559,1.0550462372448977,1.2857142857142856,1.0714285714285714,1.2,0.7658854166666665,0.986581683998658,0.3678162468804253
q,2737,1503,1.0557637117346936,1.2857142857142856,1.0714285714285714,1.2,0.7664062499999998,0.9862600536193028,0.3675399356418186
q,3252,261,1.0564811862244896,1.3125,1.0714285714285714,1.225,0.7512755102040815,0.9816666666666668,0.3675252278645833
q,1242,1391,1.0568399234693877,1.2857142857142856,1.0714285714285714,1.2,0.7671874999999999,0.9829829829829828,0.369490729437934
q,2550,1466,1.0575573979591837,1.3125,1.0714285714285714,1.225,0.7520408163265304,0.9820119920053296,0.3683669620090061
q,450,1391,1.0575573979591837,1.2857142857142856,1.0714285714285714,1.2,0.7677083333333332,0.9823392202599136,0.3683285183376736
q,2933,1354,1.0575573979591837,1.3125,1.0714285714285714,1.225,0.7520408163265304,0.978102189781022,0.3686275906032986
q,3595,522,1.0575573979591837,1.3125,1.0714285714285714,1.225,0.7520408163265304,0.9820119920053296,0.3683669620090061
q,1419,1055,1.0597098214285712,1.3125,1.0714285714285714,1.225,0.7535714285714283,0.9794429708222812,0.3697612762451172
q,2737,1017,1.0597098214285712,1.2857142857142856,1.044642857142857,1.2307692307692308,0.7889957264957265,0.980092899800929,0.389700190226237
q,989,1017,1.0597098214285712,1.3125,1.0714285714285714,1.225,0.7535714285714283,0.9794429708222812,0.3675038655598958
q,2128,1130,1.0618622448979589,1.3125,1.0714285714285714,1.225,0.7551020408163264,0.9794837855724684,0.3712845272488064
q,3425,560,1.0625797193877549,1.3125,1.0714285714285714,1.225,0.755612244897959,0.979821369500496,0.3692101372612847
q,1113,980,1.0629384566326527,1.3125,1.0714285714285714,1.225,0.7558673469387753,0.9840584523414148,0.367299567328559
q,454,597,1.0629384566326527,1.3125,1.0714285714285714,1.225,0.7558673469387753,0.983405243942914,0.3686373392740885
q,100,1354,1.0632971938775508,1.3125,1.0714285714285714,1.225,0.7561224489795917,0.98015873015873,0.3696737925211588
q,3111,1055,1.0632971938775508,1.3125,1.0714285714285714,1.225,0.7561224489795917,0.9817820470354424,0.3700071122911241
q,1643,299,1.0632971938775508,1.3125,1.0714285714285714,1.225,0.7561224489795917,0.9821073558648112,0.3738001929389106
q,2443,672,1.0640146683673468,1.3125,1.0714285714285714,1.225,0.7566326530612244,0.9814692256783588,0.3681183285183377
q,1543,1017,1.0654496173469383,1.3125,1.0714285714285714,1.225,0.7576530612244896,0.9827928524156188,0.3734297858344184
q,811,1055,1.0661670918367343,1.3125,1.0714285714285714,1.225,0.7581632653061223,0.9818301949124546,0.36898439195421
q,1265,485,1.0668845663265305,1.2857142857142856,1.0714285714285714,1.2,0.7744791666666667,0.9773250082155768,0.3869161393907335
q,759,485,1.0668845663265305,1.2857142857142856,1.0714285714285714,1.2,0.7744791666666667,0.9795783926218712,0.3874835544162326
q,1007,485,1.0679607780612244,1.3125,1.0714285714285714,1.225,0.759438775510204,0.972875816993464,0.3821730295817057
q,3289,1504,1.070113201530612,1.3125,1.0714285714285714,1.225,0.7609693877551019,0.9818959842001316,0.3719345516628689
q,99,1429,1.070113201530612,1.3125,1.0714285714285714,1.225,0.7609693877551019,0.9818959842001316,0.3719345516628689
q,1242,1316,1.070113201530612,1.2857142857142856,1.0714285714285714,1.2,0.7768229166666666,0.9748366013071896,0.3905392540825738
q,1419,1316,1.0715481505102038,1.2857142857142856,1.0714285714285714,1.2,0.7778645833333332,0.9774214659685864,0.3913255479600694
q,2443,186,1.0808753188775508,1.3125,1.0714285714285714,1.225,0.7686224489795918,0.97539656846876,0.3926372528076172
q,3424,690,1.0995296556122447,1.2857142857142856,1.0982142857142856,1.170731707317073,0.7787093495934959,0.971473851030111,0.3389200210571289
q,3594,728,1.104910714285714,1.2857142857142856,1.0982142857142856,1.170731707317073,0.7825203252032519,0.9691629955947136,0.3361142052544488
q,2738,1073,1.106345663265306,1.2857142857142856,1.0982142857142856,1.170731707317073,0.7835365853658536,0.9802924348378892,0.3190681245591905
q,1822,279,1.107063137755102,1.3125,1.0982142857142856,1.1951219512195124,0.7680438028870085,0.9677014738162436,0.3367479536268446
q,3071,299,1.1081393494897958,1.2857142857142856,1.125,1.1428571428571428,0.7661210317460317,0.98407136030583,0.3408094618055555
q,2443,504,1.1088568239795915,1.2857142857142856,1.0982142857142856,1.170731707317073,0.7853150406504064,0.956965944272446,0.3745742797851562
q,2443,242,1.1092155612244896,1.2857142857142856,1.0982142857142856,1.170731707317073,0.7855691056910569,0.980964467005076,0.3074071460300022
q,632,1298,1.1099330357142856,1.2857142857142856,1.125,1.1428571428571428,0.7673611111111112,0.966271080574641,0.3408167309231228
none,1292,999,0.0853794642857142,0.3214285714285714,0.3214285714285714,1.0,0.826388888888889,1.0,0.0
none,504,616,0.0853794642857142,0.3214285714285714,0.3214285714285714,1.0,0.826388888888889,1.0,0.0
s,78,127,1.0170200892857142,1.0178571428571428,1.5535714285714284,0.6551724137931035,0.6431488203266789,0.7427298925858005,0.1063092549641927
s,78,2765,1.018455038265306,1.0178571428571428,1.5535714285714284,0.6551724137931035,0.6440562613430126,0.743388321550144,0.1075632519192165
s,112,1527,1.0238360969387752,1.0178571428571428,1.5535714285714284,0.6551724137931035,0.6474591651542649,0.7451697127937336,0.0881261030832926
s,78,2346,1.0245535714285712,1.0178571428571428,1.5803571428571428,0.6440677966101694,0.6369313113291704,0.7357032457496135,0.1442408561706543
s,112,52,1.025629783163265,1.0178571428571428,1.5535714285714284,0.6551724137931035,0.6485934664246823,0.7464751958224543,0.0931837187872992
s,78,2087,1.0302933673469383,1.0178571428571428,1.5803571428571428,0.6440677966101694,0.64049955396967,0.7381135954767412,0.1272644254896376
s,112,1286,1.0302933673469383,1.0178571428571428,1.5535714285714284,0.6551724137931035,0.6515426497277677,0.7498694516971279,0.1058288786146375
s,78,875,1.0302933673469383,1.0178571428571428,1.5803571428571428,0.6440677966101694,0.64049955396967,0.7381135954767412,0.1272644148932563
s,78,546,1.0310108418367343,1.0178571428571428,1.5803571428571428,0.6440677966101694,0.6409455842997324,0.7393877025984049,0.0970294422573513
s,112,2690,1.0381855867346936,1.0178571428571428,1.5535714285714284,0.6551724137931035,0.6565335753176044,0.7556135770234986,0.0940061251322428
s,112,2271,1.0399792729591837,1.0178571428571428,1.5803571428571428,0.6440677966101694,0.6465209634255129,0.7460113226968605,0.0957926538255479
s,112,800,1.0403380102040811,1.0178571428571428,1.5803571428571428,0.6440677966101694,0.6467439785905441,0.7462686567164178,0.1032628695170084
s,112,2012,1.043925382653061,1.0178571428571428,1.5803571428571428,0.6440677966101694,0.6489741302408564,0.7488419969119918,0.1338949945237901
s,112,471,1.047512755102041,1.0178571428571428,1.5803571428571428,0.6440677966101694,0.6512042818911686,0.7487179487179488,0.1195195304022894
q,2044,1919,1.054328762755102,1.2857142857142856,1.0714285714285714,1.2,0.7653645833333333,0.9839303649146302,0.3709463331434461
q,2419,2365,1.0550462372448977,1.2857142857142856,1.0714285714285714,1.2,0.7658854166666665,0.9836120401337792,0.3691510518391927
q,2569,1733,1.0550462372448977,1.2857142857142856,1.0714285714285714,1.2,0.7658854166666665,0.9849296718017414,0.370458984375
q,258,2859,1.0571986607142856,1.3125,1.0714285714285714,1.225,0.7517857142857142,0.9803725881570194,0.3676873524983724
q,1746,2440,1.0575573979591837,1.2857142857142856,1.0714285714285714,1.2,0.7677083333333332,0.9826666666666668,0.3705812666151258
s,43,2703,1.2394371811224487,1.0178571428571428,1.8482142857142856,0.5507246376811594,0.6588482074752098,0.7514136581122226,0.0179965575536092
s,146,2322,1.2394371811224487,1.0178571428571428,1.8482142857142856,0.5507246376811594,0.6588482074752098,0.7514136581122226,0.0179965588781568
s,43,496,1.2394371811224487,1.0178571428571428,1.8482142857142856,0.5507246376811594,0.6588482074752098,0.7507605388961321,0.0204467879401312
s,146,114,1.2394371811224487,1.0178571428571428,1.8482142857142856,0.5507246376811594,0.6588482074752098,0.7507605388961321,0.0205483767721388
s,43,1551,1.2498405612244896,1.0178571428571428,1.875,0.5428571428571429,0.6548872180451127,0.7521588946459413,0.0162577841016981
s,43,2031,1.4324378188775508,1.0178571428571428,2.1160714285714284,0.4810126582278481,0.6650566289140574,0.7533962264150944,0.0075135237640804
s,146,1583,1.4324378188775508,1.0178571428571428,2.1160714285714284,0.4810126582278481,0.6650566289140574,0.7533962264150944,0.0075135237640804
s,146,1342,1.4324378188775508,1.0178571428571428,2.1160714285714284,0.4810126582278481,0.6650566289140574,0.7533962264150944,0.0075135237640804
s,146,2746,1.4327965561224487,1.0178571428571428,2.1160714285714284,0.4810126582278481,0.6652231845436376,0.7535849056603774,0.0050251493851343
s,146,528,1.4421237244897955,1.0178571428571428,2.142857142857143,0.475,0.6611842105263157,0.7502799552071667,0.0064355479346381
s,146,2069,1.447863520408163,1.0178571428571428,2.142857142857143,0.475,0.6638157894736841,0.7532661440836133,0.0062159558137257
s,146,857,1.447863520408163,1.0178571428571428,2.142857142857143,0.475,0.6638157894736841,0.7532661440836133,0.0062159584628211
s,43,1305,1.4536033163265305,1.0178571428571428,2.142857142857143,0.475,0.6664473684210526,0.7551248602310846,0.0068169282542334
q,1327,2421,2.124800701530612,1.3125,2.0625,0.6363636363636364,0.7849191624701828,0.8975602363994545,0.0227970626619127
q,2300,1640,2.126235650510204,1.3125,2.0625,0.6363636363636364,0.785449244632918,0.8918146253385495,0.0195499632093641
q,1861,913,2.1287468112244894,1.3125,2.089285714285714,0.6282051282051283,0.7762951334379905,0.8887224801557586,0.0217766377660963
q,539,202,2.129464285714285,1.3125,2.0625,0.6363636363636364,0.7866419294990722,0.898577051165607,0.0284766356150309
q,1567,1640,2.1301817602040813,1.3125,2.0625,0.6363636363636364,0.7869069705804399,0.899152029073289,0.0301845418082343
q,445,2421,2.1352040816326525,1.3125,2.0625,0.6363636363636364,0.788762258150013,0.902365069739236,0.0240325185987684
q,1133,1640,2.1352040816326525,1.3125,2.0625,0.6363636363636364,0.788762258150013,0.9008627213561374,0.0150763114293416
q,3270,950,2.138791454081632,1.3125,2.0625,0.6363636363636364,0.7900874635568511,0.9034702227610244,0.0225962585873074
q,3015,950,2.138791454081632,1.3125,2.0625,0.6363636363636364,0.7900874635568511,0.9034702227610244,0.0225962585873074
q,1346,1640,2.140585140306122,1.3125,2.0625,0.6363636363636364,0.7907500662602702,0.9028597367226509,0.0205114761988321
q,1400,202,2.14094387755102,1.3125,2.0625,0.6363636363636364,0.7908825868009539,0.903421132303966,0.0213298016124301
f,143,1231,0.6307523739956172,0.7837837837837838,1.0810810810810811,0.725,0.7443965517241379,0.9724099099099098,0.2286612192789713
f,143,568,0.6358655953250548,0.7837837837837838,1.108108108108108,0.7073170731707317,0.7321278385197645,0.9720826353992184,0.2325522104899088
f,41,2197,0.6362308254200146,0.7837837837837838,1.0810810810810811,0.725,0.7508620689655173,0.972640982691234,0.23699525197347
f,143,87,0.6362308254200146,0.7837837837837838,1.108108108108108,0.7073170731707317,0.7325483599663583,0.9737283398546674,0.2281877093844943
f,41,2639,0.6373265157048941,0.7837837837837838,1.0810810810810811,0.725,0.752155172413793,0.9656889872717213,0.2417670143975152
f,41,1268,0.6373265157048941,0.7837837837837838,1.0810810810810811,0.725,0.752155172413793,0.9662236987818384,0.2394198523627387
f,143,1920,0.6402483564645727,0.7837837837837838,1.108108108108108,0.7073170731707317,0.7371740958788898,0.9669056811913954,0.244084103902181
f,143,1510,0.6402483564645727,0.7837837837837838,1.108108108108108,0.7073170731707317,0.7371740958788898,0.965840220385675,0.2460729810926649
f,143,827,0.6402483564645727,0.7837837837837838,1.108108108108108,0.7073170731707317,0.7371740958788898,0.9669056811913954,0.2440840827094184
f,41,605,0.6413440467494521,0.7837837837837838,1.108108108108108,0.7073170731707317,0.7384356602186711,0.9712389380530974,0.2384140862358941
f,41,124,0.6428049671292915,0.7837837837837838,1.108108108108108,0.7073170731707317,0.7401177460050462,0.9723756906077348,0.2360647837320963
f,41,1547,0.6435354273192111,0.7837837837837838,1.108108108108108,0.7073170731707317,0.7409587888982337,0.9686641011544804,0.2590114381578233
f,41,1957,0.6442658875091307,0.7837837837837838,1.108108108108108,0.7073170731707317,0.7417998317914213,0.9692307692307692,0.2545465681287977
f,2809,1195,0.6446311176040905,0.7837837837837838,1.108108108108108,0.7073170731707317,0.742220353238015,0.9687156970362238,0.235815323723687
f,41,864,0.6449963476990505,0.7837837837837838,1.108108108108108,0.7073170731707317,0.7426408746846089,0.9692645444566412,0.2529295391506619
f,109,624,0.6698319941563184,0.7837837837837838,1.162162162162162,0.6744186046511629,0.7353648757016841,0.9607124148768988,0.2412956025865343
f,109,143,0.6731190650109569,0.7837837837837838,1.162162162162162,0.6744186046511629,0.7389735364875702,0.9593961478396668,0.2459931479560004
f,75,69,0.6738495252008766,0.7837837837837838,1.162162162162162,0.6744186046511629,0.7397754611066562,0.9599375650364204,0.2487620247734917
f,75,550,0.6753104455807158,0.7837837837837838,1.162162162162162,0.6744186046511629,0.7413793103448276,0.961018711018711,0.2419954511854383
f,109,2216,0.6764061358655953,0.7837837837837838,1.162162162162162,0.6744186046511629,0.7425821972734563,0.963579604578564,0.267742813958062
f,75,2142,0.6778670562454346,0.7837837837837838,1.162162162162162,0.6744186046511629,0.744186046511628,0.9656607700312176,0.2657446543375651
f,2571,1864,0.6782322863403945,0.7837837837837838,1.1891891891891893,0.6590909090909091,0.7276645768025078,0.9557385486361296,0.2659679200914171
f,109,2658,0.6837107377647919,0.7837837837837838,1.1891891891891893,0.6590909090909091,0.7335423197492164,0.9580348004094168,0.2696894751654731
f,109,1565,0.6844411979547115,0.7837837837837838,1.1891891891891893,0.6590909090909091,0.7343260188087775,0.9570990806945864,0.2709360546535916
f,109,1287,0.6844411979547115,0.7837837837837838,1.1891891891891893,0.6590909090909091,0.7343260188087775,0.9590583418628454,0.2681399875217014
f,75,2584,0.6859021183345507,0.7837837837837838,1.1891891891891893,0.6590909090909091,0.7358934169278997,0.9601226993865032,0.2631198459201389
f,109,1975,0.6859021183345507,0.7837837837837838,1.1891891891891893,0.6590909090909091,0.7358934169278997,0.9591419816138916,0.2676979912651909
f,109,882,0.6859021183345507,0.7837837837837838,1.1891891891891893,0.6590909090909091,0.7358934169278997,0.9591419816138916,0.2676979912651909
f,75,1491,0.6866325785244705,0.7837837837837838,1.1891891891891893,0.6590909090909091,0.7366771159874609,0.9582059123343528,0.2726539187961154
f,75,1213,0.6866325785244705,0.7837837837837838,1.1891891891891893,0.6590909090909091,0.7366771159874609,0.9591836734693878,0.2644301308525933
f,75,1901,0.6873630387143901,0.7837837837837838,1.1891891891891893,0.6590909090909091,0.737460815047022,0.9587366276107998,0.274560546875
f,75,808,0.6873630387143901,0.7837837837837838,1.1891891891891893,0.6590909090909091,0.737460815047022,0.9587366276107998,0.274560546875
f,2158,1864,0.6880934989043097,0.7837837837837838,1.1891891891891893,0.6590909090909091,0.738244514106583,0.958290946083418,0.2727759043375651
n,3806,1776,0.8473338203067933,0.7297297297297297,1.3243243243243243,0.5510204081632653,0.8767951625094482,0.983050847457627,0.4279079861111111
n,1664,942,0.8473338203067933,0.7297297297297297,1.3243243243243243,0.5510204081632653,0.8767951625094482,0.9813874788494078,0.4277518802218967
n,1990,2275,0.8480642804967129,0.7297297297297297,1.3243243243243243,0.5510204081632653,0.8775510204081632,0.9822335025380712,0.4280214521620009
n,1790,202,0.8480642804967129,0.7297297297297297,1.3243243243243243,0.5510204081632653,0.8775510204081632,0.9822335025380712,0.427519777086046
n,3468,2275,0.8487947406866326,0.7297297297297297,1.3243243243243243,0.5510204081632653,0.8783068783068784,0.9830795262267344,0.4272242652045356
n,1991,554,0.8487947406866326,0.7297297297297297,1.3243243243243243,0.5510204081632653,0.8783068783068784,0.9830795262267344,0.4283458709716797
n,3256,1569,0.8513513513513513,0.7297297297297297,1.3243243243243243,0.5510204081632653,0.8809523809523809,0.9798234552332912,0.4417979346381293
n,2843,1569,0.8513513513513513,0.7297297297297297,1.3243243243243243,0.5510204081632653,0.8809523809523809,0.9798234552332912,0.4415228525797526
n,1725,2588,0.8575602629656683,0.7297297297297297,1.351351351351351,0.54,0.8696296296296296,0.9767054908485856,0.4363343556722005
n,612,202,0.8776479181884588,0.7567567567567568,1.3243243243243243,0.5714285714285715,0.8757288629737608,0.9856439704675964,0.4174157460530599
n,1058,2275,0.8794740686632578,0.7567567567567568,1.3243243243243243,0.5714285714285715,0.8775510204081631,0.9820554649265906,0.4317080603705512
n,725,942,0.8794740686632578,0.7567567567567568,1.3243243243243243,0.5714285714285715,0.8775510204081631,0.9820554649265906,0.4320785522460937
n,504,2458,0.8802045288531775,0.7567567567567568,1.3243243243243243,0.5714285714285715,0.878279883381924,0.9812703583061888,0.4310501522488064
n,1878,1217,0.8889700511322133,0.7567567567567568,1.351351351351351,0.56,0.8692857142857142,0.9759422614274258,0.4396709865993923
q,1189,1514,1.0368882395909422,1.2702702702702702,1.054054054054054,1.205128205128205,0.7744135297326787,0.9857638888888888,0.3680597941080729
q,1190,1960,1.0409057706355005,1.2972972972972974,1.054054054054054,1.230769230769231,0.7612179487179488,0.9807295251204404,0.3689105139838324
q,3310,1886,1.04163623082542,1.2972972972972974,1.054054054054054,1.230769230769231,0.7617521367521369,0.9807427785419532,0.3682643890380859
q,2660,941,1.0423666910153395,1.2972972972972974,1.054054054054054,1.230769230769231,0.762286324786325,0.9807560137457044,0.368527348836263
q,3369,867,1.0423666910153395,1.2972972972972974,1.054054054054054,1.230769230769231,0.762286324786325,0.9827823691460056,0.3700433095296224
q,3157,978,1.0427319211102994,1.2972972972972974,1.054054054054054,1.230769230769231,0.7625534188034189,0.981436919903747,0.369637213812934
q,3105,1924,1.0430971512052594,1.2972972972972974,1.054054054054054,1.230769230769231,0.762820512820513,0.9814432989690722,0.3688203599717882
f,40,1326,0.6319444444444444,0.7777777777777778,1.0833333333333333,0.7179487179487181,0.75,0.9726840855106887,0.2329661051432291
f,40,730,0.6319444444444444,0.7777777777777778,1.0833333333333333,0.7179487179487181,0.75,0.9686575990538142,0.2412412643432617
f,40,85,0.6323302469135802,0.7777777777777778,1.0833333333333333,0.7179487179487181,0.7504578754578755,0.9698224852071006,0.2375307295057508
f,40,491,0.6358024691358025,0.7777777777777778,1.1111111111111112,0.7,0.7357142857142858,0.975147928994083,0.2242002911037869
n,1404,2005,0.8699845679012346,0.75,1.3333333333333333,0.5625,0.8699845679012346,0.9847161572052402,0.4166734907362196
q,1162,197,1.1006944444444444,1.2777777777777777,1.1388888888888888,1.121951219512195,0.7563626723223754,0.9820998278829604,0.3441804673936632
q,1744,1402,1.101466049382716,1.2777777777777777,1.1388888888888888,1.121951219512195,0.7568928950159066,0.9834653806407164,0.3431164847479926
q,3339,1131,1.101466049382716,1.3055555555555556,1.0833333333333333,1.2051282051282053,0.7787779596290234,0.9526192859526192,0.3731837802463107
q,1952,422,1.1026234567901234,1.2777777777777777,1.1388888888888888,1.121951219512195,0.7576882290562036,0.98213058419244,0.3366936365763346
q,3642,1583,1.1049382716049383,1.2777777777777777,1.1388888888888888,1.121951219512195,0.7592788971367975,0.9828414550446122,0.3434456507364908
q,3256,1511,1.1057098765432098,1.2777777777777777,1.1388888888888888,1.121951219512195,0.7598091198303287,0.9828532235939644,0.3394162072075737
q,1744,1511,1.1057098765432098,1.2777777777777777,1.1388888888888888,1.121951219512195,0.7598091198303287,0.9828532235939644,0.3394162072075737
q,379,197,1.1064814814814814,1.2777777777777777,1.1388888888888888,1.121951219512195,0.76033934252386,0.9828649760109665,0.3422717624240451
q,154,1583,1.1114969135802468,1.2777777777777777,1.1388888888888888,1.121951219512195,0.7637857900318133,0.9762792273805488,0.3668514675564236
q,1666,494,1.1134259259259258,1.2777777777777777,1.1388888888888888,1.121951219512195,0.7651113467656415,0.9746707193515702,0.3644220140245225
q,3457,422,1.1134259259259258,1.2777777777777777,1.1388888888888888,1.121951219512195,0.7651113467656415,0.9746707193515702,0.3644220140245225
q,2578,2003,1.1161265432098766,1.2777777777777777,1.1111111111111112,1.15,0.7861413043478261,0.9790186125211506,0.3001523335774739
q,2213,1619,1.120756172839506,1.2777777777777777,1.1388888888888888,1.121951219512195,0.7701484623541888,0.9751594494796912,0.3611114078097873
q,2304,494,1.120756172839506,1.2777777777777777,1.1388888888888888,1.121951219512195,0.7701484623541888,0.9771274806592668,0.3680650075276693
q,2585,530,1.121141975308642,1.2777777777777777,1.1388888888888888,1.121951219512195,0.7704135737009544,0.977135171486214,0.3727805667453342
q,2076,1114,1.125385802469136,1.2777777777777777,1.1388888888888888,1.121951219512195,0.7733297985153765,0.9736315086782378,0.3694647894965278
q,3584,2235,1.1315586419753083,1.2777777777777777,1.1111111111111112,1.15,0.7970108695652174,0.9676674364896072,0.2691782421535916
q,1951,548,1.1319444444444444,1.25,1.1388888888888888,1.0975609756097562,0.7951219512195121,0.960392798690671,0.3387492921617296
q,2598,1530,1.1334876543209875,1.3055555555555556,1.1111111111111112,1.175,0.7813829787234043,0.9780292942743012,0.3058222876654731
q,1470,1494,1.1334876543209875,1.3055555555555556,1.1111111111111112,1.175,0.7813829787234043,0.9780292942743012,0.3058222876654731
q,955,476,1.1338734567901234,1.2777777777777777,1.1111111111111112,1.15,0.7986413043478261,0.9693271767810026,0.2634418487548828
q,542,1384,1.1439043209876545,1.2777777777777777,1.1111111111111112,1.15,0.8057065217391305,0.9555269094424752,0.3153017891777886
q,520,988,1.1469907407407407,1.2777777777777777,1.1388888888888888,1.121951219512195,0.7881760339342524,0.9587229925830376,0.2667472415500217
q,3256,1708,1.150462962962963,1.2777777777777777,1.1388888888888888,1.121951219512195,0.7905620360551433,0.9597682652075956,0.3426155938042535
q,1197,1636,1.1516203703703705,1.2777777777777777,1.1388888888888888,1.121951219512195,0.7913573700954402,0.944321417273015,0.2743166181776258
q,1745,1348,1.1516203703703705,1.25,1.1388888888888888,1.0975609756097562,0.8089430894308943,0.9500318268618714,0.3081546783447265
q,2872,1636,1.1539351851851851,1.2777777777777777,1.1388888888888888,1.121951219512195,0.792948038176034,0.9441287878787876,0.2820703930324978
q,3642,1384,1.1539351851851851,1.2777777777777777,1.1388888888888888,1.121951219512195,0.792948038176034,0.9480190174326464,0.2800757726033528
q,2077,859,1.158179012345679,1.2777777777777777,1.1388888888888888,1.121951219512195,0.795864262990456,0.9788066514509292,0.2421647389729817
q,1306,1096,1.1585648148148149,1.2777777777777777,1.1388888888888888,1.121951219512195,0.7961293743372218,0.9482159772655512,0.3159756342569987
q,520,1060,1.1585648148148149,1.2777777777777777,1.1388888888888888,1.121951219512195,0.7961293743372218,0.9482159772655512,0.3159756130642361
q,2076,988,1.163966049382716,1.2777777777777777,1.1388888888888888,1.121951219512195,0.7998409331919406,0.9679178697465513,0.2431947708129883
q,3741,71,1.1647376543209875,1.2777777777777777,1.1388888888888888,1.121951219512195,0.800371155885472,0.9670083279948752,0.2405686484442817
q,183,788,1.2044753086419753,1.2777777777777777,1.1388888888888888,1.121951219512195,0.827677624602333,0.9585508136321768,0.2070398542616102
s,1686,1515,1.2415123456790125,1.0277777777777777,1.8611111111111112,0.5522388059701492,0.6490520371117386,0.7457705677867902,0.0182533462842305
q,1846,1987,1.3900462962962965,1.805555555555556,0.9722222222222222,1.8571428571428568,0.7918681318681319,0.9860426929392446,0.4989947848849826
q,3253,1987,1.3912037037037035,1.805555555555556,0.9722222222222222,1.8571428571428568,0.7925274725274725,0.987945205479452,0.500062518649631
q,2516,842,1.3915895061728396,1.805555555555556,0.9722222222222222,1.8571428571428568,0.7927472527472528,0.985788466794206,0.5007190280490451
q,2980,197,1.400462962962963,1.805555555555556,1.0,1.805555555555556,0.7756410256410257,0.9848073792729248,0.4986566755506727
q,2980,386,1.402391975308642,1.805555555555556,1.0,1.805555555555556,0.7767094017094017,0.9829637641968632,0.4988114251030816
q,2516,970,1.4035493827160497,1.805555555555556,1.0,1.805555555555556,0.7773504273504274,0.9851069591118332,0.4995890299479166
q,3253,2378,1.470679012345679,1.805555555555556,1.0555555555555556,1.7105263157894737,0.77165991902834,0.9712101910828024,0.4995453304714626
q,2516,1131,1.474537037037037,1.805555555555556,1.0555555555555556,1.7105263157894737,0.7736842105263158,0.972766607279206,0.4995642768012153
q,2980,547,1.4803240740740742,1.805555555555556,1.0555555555555556,1.7105263157894737,0.7767206477732793,0.9694290045477516,0.4979278988308376
q,1846,2039,1.4895833333333333,1.805555555555556,1.0555555555555556,1.7105263157894737,0.7815789473684209,0.9676691729323308,0.498541005452474
q,2980,143,1.5447530864197532,1.805555555555556,1.1111111111111112,1.625,0.77,0.9604221635883906,0.4976094139946831
q,3253,1933,1.5902777777777777,1.805555555555556,1.1388888888888888,1.5853658536585369,0.7733583489681051,0.9548297428769978,0.5023827022976346
q,2516,788,1.5914351851851851,1.805555555555556,1.1388888888888888,1.5853658536585369,0.773921200750469,0.9526558891454964,0.5011251237657335
q,2516,842,1.3915895061728396,1.805555555555556,0.9722222222222222,1.8571428571428568,0.7927472527472528,0.985788466794206,0.5007190280490451
q,2980,197,1.400462962962963,1.805555555555556,1.0,1.805555555555556,0.7756410256410257,0.9848073792729248,0.4986566755506727
q,2980,386,1.402391975308642,1.805555555555556,1.0,1.805555555555556,0.7767094017094017,0.9829637641968632,0.4988114251030816
q,2516,970,1.4035493827160497,1.805555555555556,1.0,1.805555555555556,0.7773504273504274,0.9851069591118332,0.4995890299479166
q,3253,2378,1.470679012345679,1.805555555555556,1.0555555555555556,1.7105263157894737,0.77165991902834,0.9712101910828024,0.4995453304714626
q,821,2289,2.192901234567901,1.2777777777777777,2.111111111111111,0.6052631578947368,0.812929061784897,0.9114817190506734,0.0199206286006503
q,2338,1985,2.2137345679012346,1.2777777777777777,2.111111111111111,0.6052631578947368,0.8206521739130435,0.9292307692307692,0.023199086719089
q,3257,1366,2.2314814814814814,1.25,2.138888888888889,0.5844155844155844,0.8346320346320346,0.9264776549735704,0.0117803321944342
q,750,422,2.234567901234568,1.2777777777777777,2.111111111111111,0.6052631578947368,0.82837528604119,0.923911309618759,0.0135354969236585
none,2385,2005,0.0833333333333333,0.3333333333333333,0.3055555555555556,1.0909090909090908,0.8181818181818181,1.0,0.5
none,2385,1969,0.0833333333333333,0.3333333333333333,0.3055555555555556,1.0909090909090908,0.8181818181818181,1.0,0.5
none,3117,788,0.0833333333333333,0.3333333333333333,0.3055555555555556,1.0909090909090908,0.8181818181818181,1.0,0.5
none,3117,752,0.0833333333333333,0.3333333333333333,0.3055555555555556,1.0909090909090908,0.8181818181818181,1.0,0.5
none,2385,2307,0.0918209876543209,0.3333333333333333,0.3333333333333333,1.0,0.826388888888889,1.0,0.0
none,2385,2235,0.0918209876543209,0.3333333333333333,0.3333333333333333,1.0,0.826388888888889,1.0,0.0
none,3117,988,0.0918209876543209,0.3333333333333333,0.3333333333333333,1.0,0.826388888888889,1.0,0.0
none,3323,1213,0.1604938271604938,0.4166666666666667,0.5,0.8333333333333334,0.7703703703703703,0.985781990521327,0.1164910952250162
none,2603,2154,0.1612654320987654,0.4166666666666667,0.5,0.8333333333333334,0.774074074074074,0.9835294117647058,0.8918759663899739
none,3364,669,0.163966049382716,0.3888888888888889,0.5277777777777778,0.7368421052631579,0.7988721804511278,0.963718820861678,0.9586718241373698
none,2603,1871,0.2168209876543209,0.4722222222222222,0.6111111111111112,0.7727272727272726,0.7513368983957219,0.9756944444444444,0.8785288492838542
none,2385,2005,0.0833333333333333,0.3333333333333333,0.3055555555555556,1.0909090909090908,0.8181818181818181,1.0,0.5
none,2385,1969,0.0833333333333333,0.3333333333333333,0.3055555555555556,1.0909090909090908,0.8181818181818181,1.0,0.5
none,3117,788,0.0833333333333333,0.3333333333333333,0.3055555555555556,1.0909090909090908,0.8181818181818181,1.0,0.5
none,139,494,1.0146604938271604,1.4722222222222223,1.8888888888888888,0.7794117647058825,0.3648723640399555,0.5660783469651313,0.2011878119574652
none,139,422,1.0146604938271604,1.4722222222222223,1.8888888888888888,0.7794117647058825,0.3648723640399555,0.5660783469651313,0.2011878119574652
n,1404,2005,0.8699845679012346,0.75,1.3333333333333333,0.5625,0.8699845679012346,0.9847161572052402,0.4166734907362196
none,139,126,1.0111882716049383,1.4722222222222223,1.8888888888888888,0.7794117647058825,0.3636237513873473,0.569534984789222,0.2018296347724066
none,139,54,1.0111882716049383,1.4722222222222223,1.8888888888888888,0.7794117647058825,0.3636237513873473,0.569534984789222,0.2018296347724066
none,139,494,1.0146604938271604,1.4722222222222223,1.8888888888888888,0.7794117647058825,0.3648723640399555,0.5660783469651313,0.2011878119574652
none,139,422,1.0146604938271604,1.4722222222222223,1.8888888888888888,0.7794117647058825,0.3648723640399555,0.5660783469651313,0.2011878119574652
none,139,126,1.0111882716049383,1.4722222222222223,1.8888888888888888,0.7794117647058825,0.3636237513873473,0.569534984789222,0.2018296347724066
none,139,54,1.0111882716049383,1.4722222222222223,1.8888888888888888,0.7794117647058825,0.3636237513873473,0.569534984789222,0.2018296347724066
none,139,494,1.0146604938271604,1.4722222222222223,1.8888888888888888,0.7794117647058825,0.3648723640399555,0.5660783469651313,0.2011878119574652
none,139,422,1.0146604938271604,1.4722222222222223,1.8888888888888888,0.7794117647058825,0.3648723640399555,0.5660783469651313,0.2011878119574652
none,225,518,0.1261649306915185,0.4778761061946903,0.3451327433628319,1.3846153846153846,0.764957264957265,0.9808219178082191,0.6005995008680556
none,225,105,0.1261649306915185,0.4778761061946903,0.3451327433628319,1.3846153846153846,0.764957264957265,0.9808219178082191,0.6005995008680556
none,244,592,0.3629884877437545,1.168141592920354,0.3716814159292035,3.142857142857143,0.8360389610389611,0.9707822808671066,0.4872055477566189
none,225,518,0.1261649306915185,0.4778761061946903,0.3451327433628319,1.3846153846153846,0.764957264957265,0.9808219178082191,0.6005995008680556
none,225,105,0.1261649306915185,0.4778761061946903,0.3451327433628319,1.3846153846153846,0.764957264957265,0.9808219178082191,0.6005995008680556
none,244,592,0.3629884877437545,1.168141592920354,0.3716814159292035,3.142857142857143,0.8360389610389611,0.9707822808671066,0.4872055477566189
none,244,179,0.3629884877437545,1.168141592920354,0.3716814159292035,3.142857142857143,0.8360389610389611,0.9707822808671066,0.4872055477566189
none,249,545,0.5406061555329313,0.929203539823009,1.1150442477876108,0.8333333333333333,0.5217687074829931,0.7432170542635658,0.8590008205837674
none,249,132,0.5406061555329313,0.929203539823009,1.1150442477876108,0.8333333333333333,0.5217687074829931,0.7432170542635658,0.8590008205837674
none,225,518,0.1261649306915185,0.4778761061946903,0.3451327433628319,1.3846153846153846,0.764957264957265,0.9808219178082191,0.6005995008680556
none,225,105,0.1261649306915185,0.4778761061946903,0.3451327433628319,1.3846153846153846,0.764957264957265,0.9808219178082191,0.6005995008680556
none,244,592,0.3629884877437545,1.168141592920354,0.3716814159292035,3.142857142857143,0.8360389610389611,0.9707822808671066,0.4872055477566189
none,244,179,0.3629884877437545,1.168141592920354,0.3716814159292035,3.142857142857143,0.8360389610389611,0.9707822808671066,0.4872055477566189
none,249,545,0.5406061555329313,0.929203539823009,1.1150442477876108,0.8333333333333333,0.5217687074829931,0.7432170542635658,0.8590008205837674
none,249,132,0.5406061555329313,0.929203539823009,1.1150442477876108,0.8333333333333333,0.5217687074829931,0.7432170542635658,0.8590008205837674
none,252,480,0.8035084971415147,1.0353982300884956,1.6194690265486726,0.639344262295082,0.4791929382093317,0.6838632273545291,0.8994461059570312
none,252,67,0.8035084971415147,1.0353982300884956,1.6194690265486726,0.639344262295082,0.4791929382093317,0.6838632273545291,0.8994461059570312
none,252,480,0.8035084971415147,1.0353982300884956,1.6194690265486726,0.639344262295082,0.4791929382093317,0.6838632273545291,0.8994461059570312
none,252,67,0.8035084971415147,1.0353982300884956,1.6194690265486726,0.639344262295082,0.4791929382093317,0.6838632273545291,0.8994461059570312
none,2277,181,0.1115672831632652,0.375,0.4285714285714285,0.875,0.6941964285714285,0.9147058823529411,0.1507755703396267
none,2278,629,0.1165896045918367,0.4285714285714285,0.4285714285714285,1.0,0.634765625,0.8507853403141361,0.2298664304945204
none,2945,127,0.1553332270408162,0.4017857142857142,0.5089285714285714,0.7894736842105263,0.7596491228070175,0.9752252252252251,0.7599854363335503
none,1569,920,0.1592793367346938,0.4017857142857142,0.5089285714285714,0.7894736842105263,0.7789473684210526,0.9866666666666668,0.8899854024251302
none,1139,883,0.1635841836734693,0.4285714285714285,0.5089285714285714,0.8421052631578947,0.7499999999999999,0.9764453961456104,0.7562475416395399
none,347,33,0.1635841836734693,0.4285714285714285,0.5089285714285714,0.8421052631578947,0.7499999999999999,0.9764453961456104,0.7562473720974392
none,634,675,0.1958705357142856,0.5357142857142857,0.5625,0.9523809523809524,0.6499999999999999,0.9115191986644406,0.3200019624498155
none,2277,181,0.1115672831632652,0.375,0.4285714285714285,0.875,0.6941964285714285,0.9147058823529411,0.1507755703396267
none,2278,629,0.1165896045918367,0.4285714285714285,0.4285714285714285,1.0,0.634765625,0.8507853403141361,0.2298664304945204
none,2945,127,0.1553332270408162,0.4017857142857142,0.5089285714285714,0.7894736842105263,0.7596491228070175,0.9752252252252251,0.7599854363335503
none,1569,920,0.1592793367346938,0.4017857142857142,0.5089285714285714,0.7894736842105263,0.7789473684210526,0.9866666666666668,0.8899854024251302
none,1139,883,0.1635841836734693,0.4285714285714285,0.5089285714285714,0.8421052631578947,0.7499999999999999,0.9764453961456104,0.7562475416395399
none,347,33,0.1635841836734693,0.4285714285714285,0.5089285714285714,0.8421052631578947,0.7499999999999999,0.9764453961456104,0.7562473720974392
none,634,675,0.1958705357142856,0.5357142857142857,0.5625,0.9523809523809524,0.6499999999999999,0.9115191986644406,0.3200019624498155
none,1292,999,0.0853794642857142,0.3214285714285714,0.3214285714285714,1.0,0.826388888888889,1.0,0.0
none,504,616,0.0853794642857142,0.3214285714285714,0.3214285714285714,1.0,0.826388888888889,1.0,0.0
none,2683,205,0.0853794642857142,0.3214285714285714,0.3214285714285714,1.0,0.826388888888889,1.0,0.0
none,861,962,0.0911192602040816,0.3214285714285714,0.3482142857142857,0.923076923076923,0.8141025641025641,1.0,0.0
none,173,131,0.0975765306122448,0.3482142857142857,0.3482142857142857,1.0,0.8047337278106508,1.0,0.0
none,2277,181,0.1115672831632652,0.375,0.4285714285714285,0.875,0.6941964285714285,0.9147058823529411,0.1507755703396267
none,2278,629,0.1165896045918367,0.4285714285714285,0.4285714285714285,1.0,0.634765625,0.8507853403141361,0.2298664304945204
none,2945,127,0.1553332270408162,0.4017857142857142,0.5089285714285714,0.7894736842105263,0.7596491228070175,0.9752252252252251,0.7599854363335503
none,1569,920,0.1592793367346938,0.4017857142857142,0.5089285714285714,0.7894736842105263,0.7789473684210526,0.9866666666666668,0.8899854024251302
none,1139,883,0.1635841836734693,0.4285714285714285,0.5089285714285714,0.8421052631578947,0.7499999999999999,0.9764453961456104,0.7562475416395399
none,347,33,0.1635841836734693,0.4285714285714285,0.5089285714285714,0.8421052631578947,0.7499999999999999,0.9764453961456104,0.7562473720974392
none,634,675,0.1958705357142856,0.5357142857142857,0.5625,0.9523809523809524,0.6499999999999999,0.9115191986644406,0.3200019624498155
none,2287,587,0.3533561862244897,0.5625,0.9910714285714284,0.5675675675675677,0.6338481338481338,0.9443911792905082,0.0890206231011284
none,2287,139,0.3533561862244897,0.5625,0.9910714285714284,0.5675675675675677,0.6338481338481338,0.9407831900668576,0.0874691592322455
none,1741,1253,0.0819619082840236,0.3173076923076923,0.3173076923076923,1.0,0.8140495867768595,1.0,0.25
none,1741,944,0.0819619082840236,0.3173076923076923,0.3173076923076923,1.0,0.8140495867768595,1.0,0.75
none,490,497,0.0819619082840236,0.3173076923076923,0.3173076923076923,1.0,0.8140495867768595,1.0,0.75
none,1019,152,0.0819619082840236,0.3173076923076923,0.3173076923076923,1.0,0.8140495867768595,1.0,0.75
none,490,187,0.0890347633136094,0.3173076923076923,0.3461538461538462,0.9166666666666666,0.8106060606060604,0.9953488372093022,0.5807256062825521
none,998,342,0.0894508136094674,0.4326923076923077,0.2596153846153846,1.6666666666666663,0.7962962962962963,0.9817351598173516,0.4855875651041667
none,2736,978,0.0898668639053254,0.3173076923076923,0.3461538461538462,0.9166666666666666,0.8181818181818181,1.0,0.0
none,1170,1288,0.0940273668639053,0.3461538461538462,0.3461538461538462,1.0,0.7847222222222221,1.0,0.0
none,1741,978,0.0940273668639053,0.3461538461538462,0.3461538461538462,1.0,0.7847222222222221,1.0,0.0
none,1170,978,0.0940273668639053,0.3461538461538462,0.3461538461538462,1.0,0.7847222222222221,1.0,0.0
none,1931,187,0.0940273668639053,0.3461538461538462,0.3461538461538462,1.0,0.7847222222222221,1.0,0.0
none,1019,187,0.0940273668639053,0.3461538461538462,0.3461538461538462,1.0,0.7847222222222221,1.0,0.0
none,208,538,0.139792899408284,0.5192307692307693,0.375,1.3846153846153848,0.717948717948718,0.9739130434782608,0.605099868774414
none,208,124,0.139792899408284,0.5192307692307693,0.375,1.3846153846153848,0.717948717948718,0.9739130434782608,0.605099868774414
none,1723,1134,0.1456176035502958,0.6346153846153847,0.2884615384615385,2.2,0.7954545454545454,0.9776536312849162,0.4800969017876519
none,2962,872,0.1614275147928994,0.4326923076923077,0.5192307692307693,0.8333333333333333,0.7185185185185186,0.9627791563275436,0.7399826897515192
none,2111,80,0.1722448224852071,0.4326923076923077,0.5480769230769231,0.7894736842105263,0.7263157894736841,0.9627906976744186,0.738624996609158
none,1827,1139,0.4830343934911243,1.0384615384615383,0.6057692307692308,1.7142857142857142,0.7678571428571427,0.961092715231788,0.4520961761474609
none,1091,348,0.493019600591716,1.0673076923076923,0.6057692307692308,1.7619047619047616,0.7625482625482627,0.9533386967015286,0.4528052012125651
none,1827,876,0.5005085059171598,1.0384615384615383,0.576923076923077,1.8,0.8354166666666666,0.9693795326349718,0.4759402381049262
none,1256,890,0.5017566568047338,1.0384615384615383,0.576923076923077,1.8,0.8374999999999999,0.9678972712680576,0.4791198306613498
none,1256,1183,0.5050850591715977,1.0384615384615383,0.6057692307692308,1.7142857142857142,0.8029100529100529,0.9634920634920636,0.4704382154676649
none,2913,387,0.5129900147928995,1.0673076923076923,0.6057692307692308,1.7619047619047616,0.7934362934362935,0.961028838659392,0.4636692894829644
none,3920,1177,0.5163184171597633,1.0673076923076923,0.6057692307692308,1.7619047619047616,0.7985842985842986,0.9620155038759688,0.4665832095675998
none,3919,897,0.5167344674556213,1.0673076923076923,0.6346153846153847,1.6818181818181817,0.7628992628992628,0.9546502690238278,0.457839118109809
none,563,392,0.5171505177514794,1.0673076923076923,0.6057692307692308,1.7619047619047616,0.7998712998712999,0.9650621118012422,0.4670178731282552
none,1092,85,0.5171505177514794,1.0673076923076923,0.6057692307692308,1.7619047619047616,0.7998712998712999,0.964313421256788,0.4682031419542101
none,562,99,0.5175665680473374,1.0673076923076923,0.6057692307692308,1.7619047619047616,0.8005148005148006,0.9606177606177606,0.4698766072591145
none,2912,106,0.5192307692307693,1.0673076923076923,0.6346153846153847,1.6818181818181817,0.7665847665847665,0.9541284403669724,0.4569084167480469
none,232,89,0.7809264053254439,1.0096153846153846,1.5865384615384617,0.6363636363636362,0.4875324675324675,0.6870424597364567,0.8940795050726996
none,232,503,0.7875832100591718,1.0096153846153846,1.5865384615384617,0.6363636363636362,0.4916883116883117,0.6748663101604279,0.8988959418402778
none,230,584,1.0026812130177516,1.4423076923076923,1.875,0.7692307692307693,0.3707692307692307,0.5749045801526718,0.1900741365220811
none,230,170,1.0026812130177516,1.4423076923076923,1.875,0.7692307692307693,0.3707692307692307,0.5749045801526718,0.1900742001003689
none,1741,1253,0.08196190828402368,0.31730769230769235,0.31730769230769235,1.0,0.8140495867768595,1.0,0.25
none,1741,944,0.08196190828402368,0.31730769230769235,0.31730769230769235,1.0,0.8140495867768595,1.0,0.75
none,490,497,0.08196190828402368,0.31730769230769235,0.31730769230769235,1.0,0.8140495867768595,1.0,0.75
none,1019,152,0.08196190828402368,0.31730769230769235,0.31730769230769235,1.0,0.8140495867768595,1.0,0.75
none,490,187,0.08903476331360947,0.31730769230769235,0.3461538461538462,0.9166666666666666,0.8106060606060604,0.9953488372093022,0.5807256062825521
none,998,342,0.08945081360946747,0.4326923076923077,0.25961538461538464,1.6666666666666665,0.7962962962962963,0.9817351598173516,0.4855875651041667
none,2736,978,0.08986686390532546,0.31730769230769235,0.3461538461538462,0.9166666666666666,0.8181818181818181,1.0,0.0
none,1170,1288,0.09402736686390534,0.3461538461538462,0.3461538461538462,1.0,0.7847222222222221,1.0,0.0
none,1741,978,0.09402736686390534,0.3461538461538462,0.3461538461538462,1.0,0.7847222222222221,1.0,0.0
none,1170,978,0.09402736686390534,0.3461538461538462,0.3461538461538462,1.0,0.7847222222222221,1.0,0.0
none,1931,187,0.09402736686390534,0.3461538461538462,0.3461538461538462,1.0,0.7847222222222221,1.0,0.0
none,1019,187,0.09402736686390534,0.3461538461538462,0.3461538461538462,1.0,0.7847222222222221,1.0,0.0
none,2840,256,0.09444341715976333,0.3461538461538462,0.3461538461538462,1.0,0.7881944444444444,0.9956140350877193,0.4400864919026693
none,2840,187,0.09444341715976333,0.3461538461538462,0.3461538461538462,1.0,0.7881944444444444,0.9956140350877193,0.4400864919026693
none,2840,497,0.0952755177514793,0.3461538461538462,0.3461538461538462,1.0,0.7951388888888887,1.0,0.25
none,1019,462,0.0952755177514793,0.3461538461538462,0.3461538461538462,1.0,0.7951388888888887,1.0,0.75
none,3833,1288,0.09569156804733729,0.3461538461538462,0.3461538461538462,1.0,0.798611111111111,0.9956709956709956,0.5679216596815321
none,3833,1047,0.09569156804733729,0.3461538461538462,0.3461538461538462,1.0,0.798611111111111,0.9956709956709956,0.43207834031846787
none,3833,978,0.09569156804733729,0.3461538461538462,0.3461538461538462,1.0,0.798611111111111,0.9956709956709956,0.43207834031846787
none,208,538,0.13979289940828404,0.5192307692307693,0.375,1.3846153846153848,0.717948717948718,0.9739130434782609,0.605099868774414
none,208,124,0.13979289940828404,0.5192307692307693,0.375,1.3846153846153848,0.717948717948718,0.9739130434782609,0.605099868774414
none,1723,1134,0.14561760355029588,0.6346153846153847,0.2884615384615385,2.2,0.7954545454545454,0.9776536312849162,0.4800969017876519
none,2962,872,0.16142751479289943,0.4326923076923077,0.5192307692307693,0.8333333333333333,0.7185185185185186,0.9627791563275435,0.7399826897515192
none,2111,80,0.17224482248520712,0.4326923076923077,0.5480769230769231,0.7894736842105263,0.7263157894736841,0.9627906976744186,0.738624996609158
none,1827,1139,0.4830343934911243,1.0384615384615385,0.6057692307692308,1.7142857142857142,0.7678571428571427,0.961092715231788,0.45209617614746095
none,1091,348,0.49301960059171607,1.0673076923076923,0.6057692307692308,1.7619047619047616,0.7625482625482627,0.9533386967015286,0.4528052012125651
none,1827,876,0.5005085059171598,1.0384615384615385,0.576923076923077,1.8,0.8354166666666666,0.9693795326349718,0.4759402381049262
none,1256,890,0.5017566568047338,1.0384615384615385,0.576923076923077,1.8,0.8374999999999999,0.9678972712680577,0.47911983066134983
none,1256,1183,0.5050850591715977,1.0384615384615385,0.6057692307692308,1.7142857142857142,0.8029100529100529,0.9634920634920636,0.47043821546766496
none,2913,387,0.5129900147928995,1.0673076923076923,0.6057692307692308,1.7619047619047616,0.7934362934362935,0.961028838659392,0.46366928948296443
none,3920,1177,0.5163184171597633,1.0673076923076923,0.6057692307692308,1.7619047619047616,0.7985842985842986,0.9620155038759688,0.4665832095675998
none,3919,897,0.5167344674556213,1.0673076923076923,0.6346153846153847,1.6818181818181817,0.7628992628992628,0.9546502690238278,0.45783911810980904
none,563,392,0.5171505177514794,1.0673076923076923,0.6057692307692308,1.7619047619047616,0.7998712998712999,0.9650621118012422,0.4670178731282552
none,1092,85,0.5171505177514794,1.0673076923076923,0.6057692307692308,1.7619047619047616,0.7998712998712999,0.9643134212567881,0.4682031419542101
none,562,99,0.5175665680473374,1.0673076923076923,0.6057692307692308,1.7619047619047616,0.8005148005148006,0.9606177606177606,0.46987660725911456
none,2912,106,0.5192307692307693,1.0673076923076923,0.6346153846153847,1.6818181818181817,0.7665847665847665,0.9541284403669724,0.4569084167480469
none,232,89,0.7809264053254439,1.0096153846153846,1.5865384615384617,0.6363636363636362,0.48753246753246754,0.6870424597364567,0.8940795050726996
none,232,503,0.7875832100591718,1.0096153846153846,1.5865384615384617,0.6363636363636362,0.49168831168831173,0.6748663101604279,0.8988959418402778
none,230,584,1.0026812130177516,1.4423076923076925,1.8750000000000002,0.7692307692307693,0.37076923076923074,0.5749045801526718,0.19007413652208116
none,230,170,1.0026812130177516,1.4423076923076925,1.8750000000000002,0.7692307692307693,0.37076923076923074,0.5749045801526718,0.19007420010036893
