,Unnamed: 0.1,Unnamed: 0,state,cx,cy,area,x,y,width,height,aspectratio,extent,solidity,angle
0,0.0,0.0,"",1361,1983,1.921037946428571,869,1957,24.96428571428571,0.9107142857142856,27.41176470588235,0.0844957081545064,0.1524251394739838,91.74830627441406
1,1.0,1.0,"",3674,1961,1.6548549107142854,3631,1944,2.357142857142857,1.0714285714285714,2.2,0.6552556818181817,0.8636959370904326,88.86907958984375
2,2.0,2.0,"",3015,1969,0.2421476403061224,2952,1941,3.4285714285714284,1.0178571428571428,3.3684210526315788,0.0693873355263157,0.1884948338452946,73.72406768798828
3,3.0,3.0,"",168,1945,0.2532684948979591,100,1927,3.5625,0.6696428571428571,5.319999999999999,0.1061654135338345,0.1896829661472326,107.06282043457033
4,4.0,4.0,"",523,1916,0.2503985969387755,485,1906,2.625,0.4553571428571428,5.764705882352941,0.2094837935174069,0.2800963081861958,92.2001953125
5,5.0,5.0,"",3284,1924,1.3879544005102038,3266,1888,1.3125,3.9107142857142856,0.3356164383561644,0.2704081632653061,0.4810992290475006,11.206318855285645
6,6.0,6.0,"",2929,1900,1.4094786352040811,2910,1868,1.3125,3.9375,0.3333333333333333,0.27273358322921,0.4891074318436449,16.14936065673828
7,7.0,7.0,"",1846,1901,1.4080436862244896,1826,1868,1.3392857142857142,3.9375,0.3401360544217687,0.2670068027210884,0.4818315737785416,13.085984230041504
8,8.0,8.0,"",3107,1863,1.386160714285714,3087,1831,1.3125,3.9107142857142856,0.3356164383561644,0.2700587084148727,0.4760379450535912,8.118600845336914
9,9.0,9.0,"",807,1866,1.4521683673469383,788,1831,1.3125,3.9107142857142856,0.3356164383561644,0.2829186469108191,0.4993831729583025,13.66600513458252
10,10.0,10.0,"",268,1863,1.392617984693877,248,1831,1.3125,3.9107142857142856,0.3356164383561644,0.2713167458764327,0.478255513120611,6.76482629776001
11,11.0,11.0,"",1668,1846,1.3176419005102038,1648,1813,1.3392857142857142,3.9107142857142856,0.3424657534246575,0.2515753424657534,0.4498469075321494,3.027127504348755
12,12.0,12.0,"",628,1846,1.3176419005102038,608,1813,1.3392857142857142,3.9107142857142856,0.3424657534246575,0.2515753424657534,0.4498469075321494,3.027071952819824
13,13.0,13.0,"",94,1849,1.3879544005102038,76,1813,1.3125,3.9107142857142856,0.3356164383561644,0.2704081632653061,0.4810992290475006,11.206376075744627
14,14.0,14.0,f,2494,1862,0.7626753826530611,2483,1809,0.8035714285714285,2.2232142857142856,0.3614457831325301,0.4269076305220883,0.6931855233126833,176.32447814941406
15,15.0,15.0,n,2278,1851,1.0328045280612244,2265,1799,0.75,2.839285714285714,0.2641509433962264,0.4850067385444743,0.6549135577797999,155.8967742919922
16,16.0,16.0,"",2278,1851,0.3347018494897958,2268,1838,0.5892857142857143,0.7767857142857142,0.7586206896551725,0.7311912225705329,0.96985446985447,72.35835266113281
17,17.0,17.0,"",3674,1814,2.863081951530612,3640,1777,1.875,2.008928571428571,0.9333333333333332,0.7600952380952383,0.8661818971130888,0.1320327371358871
18,18.0,18.0,"",446,1809,1.325175382653061,426,1776,1.3392857142857142,3.883928571428571,0.3448275862068966,0.2547586206896551,0.4528070605540574,2.1568026542663574
19,19.0,19.0,m,3948,1833,0.4419642857142856,3946,1756,0.1339285714285714,4.151785714285714,0.032258064516129,0.7948387096774192,1.0,0.0
20,20.0,20.0,m,2006,1833,0.4419642857142856,2004,1756,0.1339285714285714,4.151785714285714,0.032258064516129,0.7948387096774192,1.0,0.0
21,21.0,21.0,s,3600,1795,1.254862882653061,3582,1743,1.0178571428571428,2.839285714285714,0.3584905660377359,0.4342105263157894,0.5295186194368756,2.3655765056610107
22,22.0,22.0,"",3600,1795,0.2877072704081632,3593,1780,0.4285714285714285,0.8571428571428571,0.5,0.7832031249999999,0.976857490864799,67.01193237304688
23,23.0,23.0,"",3478,1843,2.6657764668367343,3452,1702,1.3125,5.598214285714286,0.2344497607655502,0.362806366565765,0.5078594860579552,1.4833605289459229
24,24.0,24.0,"",2131,1806,2.437619579081632,2104,1684,1.3392857142857142,4.553571428571428,0.2941176470588235,0.3997058823529412,0.6118314424635333,3.956764459609986
25,25.0,25.0,f,2682,1731,0.763751594387755,2671,1678,0.8035714285714285,2.2232142857142856,0.3614457831325301,0.4275100401606426,0.6955243384514865,2.847585439682007
26,26.0,26.0,"",2335,1805,2.6281090561224483,2308,1665,1.3125,5.571428571428571,0.2355769230769231,0.3593995290423861,0.5056249568638277,1.5671393871307373
27,27.0,27.0,"",992,1786,2.6090959821428568,965,1665,1.3125,4.580357142857142,0.2865497076023392,0.4340016708437761,0.6591444625702375,5.983857154846191
28,28.0,28.0,"",3116,1761,1.491270727040816,3088,1652,1.2857142857142856,3.9375,0.326530612244898,0.2945719954648526,0.5147350173353146,13.135143280029297
29,29.0,29.0,"",815,1764,1.377909757653061,788,1652,1.3125,3.9107142857142856,0.3356164383561644,0.2684512161028795,0.4791068978420856,13.748974800109863
30,30.0,30.0,"",2741,1812,2.687300701530612,2713,1640,1.3392857142857142,7.741071428571428,0.1730103806228373,0.2592041522491349,0.3253420195439739,1.4400190114974976
31,31.0,31.0,"",204,1643,0.2482461734693877,138,1638,3.455357142857143,0.7232142857142857,4.777777777777778,0.0993396497272466,0.1943820224719101,70.5216293334961
32,32.0,32.0,"",2937,1745,1.2975526147959182,2910,1634,1.3125,3.883928571428571,0.3379310344827586,0.2545390570021111,0.4563462023719404,12.687564849853516
33,33.0,33.0,"",1676,1745,1.3535156249999998,1649,1634,1.2857142857142856,3.9107142857142856,0.3287671232876712,0.2691923515981735,0.4800254452926209,12.269147872924805
34,34.0,34.0,"",103,1745,1.3011399872448977,76,1634,1.3125,3.883928571428571,0.3379310344827586,0.2552427867698803,0.4573770491803278,11.330315589904783
35,35.0,35.0,"",1423,1775,2.846938775510204,1382,1621,2.008928571428571,6.75,0.2976190476190475,0.2099470899470899,0.3100726732828006,2.7959647178649902
36,36.0,36.0,"",1245,1749,2.507932079081632,1205,1621,2.008928571428571,5.223214285714286,0.3846153846153846,0.2390085470085469,0.3763863465058684,4.608810424804688
37,37.0,37.0,"",2554,1773,2.818239795918367,2513,1615,2.008928571428571,7.392857142857142,0.2717391304347826,0.1897584541062802,0.2785815602836879,2.2140157222747803
38,38.0,38.0,"",275,1711,1.40445631377551,235,1609,2.008928571428571,3.589285714285714,0.5597014925373134,0.1947761194029851,0.3644912019365049,20.383718490600582
39,39.0,39.0,"",635,1696,1.4249043367346936,595,1602,2.008928571428571,3.267857142857143,0.6147540983606556,0.2170491803278688,0.4143110462084072,0.0
40,40.0,40.0,"",1296,1584,1.4367426658163265,927,1577,19.553571428571427,1.0714285714285714,18.25,0.0685787671232876,0.0992934176273707,87.27446746826172
41,41.0,41.0,"",1355,1548,1.7703683035714282,896,1509,24.40178571428571,1.3125,18.591836734693874,0.0552767759134389,0.086430347823041,91.28091430664062
42,42.0,42.0,"",172,1493,0.2611607142857142,102,1474,3.75,0.6696428571428571,5.6,0.104,0.1794429381316243,88.30009460449219
43,43.0,43.0,"",3674,1460,1.482661033163265,3631,1442,2.357142857142857,1.0178571428571428,2.3157894736842106,0.6179724880382774,0.9237818506928924,89.99104309082031
44,44.0,44.0,"",2930,1432,1.403021364795918,2897,1402,2.008928571428571,3.589285714285714,0.5597014925373134,0.1945771144278607,0.3636786312069927,21.468006134033203
45,45.0,45.0,"",3674,1405,1.7556600765306118,3631,1383,2.357142857142857,1.1517857142857142,2.046511627906977,0.6466701902748413,0.856492824641232,91.4695281982422
46,46.0,46.0,f,3234,1433,0.7605229591836733,3223,1380,0.8035714285714285,2.2232142857142856,0.3614457831325301,0.4257028112449799,0.6948541461815798,177.8806915283203
47,47.0,47.0,s,3420,1422,1.2530691964285712,3402,1370,1.0178571428571428,2.839285714285714,0.3584905660377359,0.4335898709036742,0.5310932035882622,2.9668333530426025
48,48.0,48.0,"",3420,1422,0.2877072704081632,3413,1407,0.4285714285714285,0.8571428571428571,0.5,0.7832031249999999,0.976857490864799,67.30789184570312
49,49.0,49.0,n,2278,1423,1.0302933673469383,2265,1370,0.75,2.839285714285714,0.2641509433962264,0.4838274932614554,0.6531726176938821,167.47694396972656
50,50.0,50.0,"",2278,1422,0.3354193239795918,2268,1409,0.5892857142857143,0.7767857142857142,0.7586206896551725,0.7327586206896551,0.9679089026915114,72.35589599609375
51,51.0,51.0,s,1795,1422,1.2530691964285712,1777,1370,1.0178571428571428,2.839285714285714,0.3584905660377359,0.4335898709036742,0.5310932035882622,2.96683406829834
52,52.0,52.0,"",1795,1422,0.2877072704081632,1788,1407,0.4285714285714285,0.8571428571428571,0.5,0.7832031249999999,0.976857490864799,67.30789184570312
53,53.0,53.0,"",1415,1398,1.2950414540816324,1395,1366,1.3125,3.883928571428571,0.3379310344827586,0.2540464461646727,0.456211297864274,13.461111068725586
54,54.0,54.0,"",806,1401,1.3800621811224487,788,1366,1.3125,3.883928571428571,0.3379310344827586,0.2707248416608022,0.4783635911464809,13.047895431518556
55,55.0,55.0,"",985,1360,1.308314732142857,965,1328,1.3125,3.9107142857142856,0.3356164383561644,0.2548923679060665,0.4550786124282506,9.795702934265137
56,56.0,56.0,d,1292,1329,0.1104910714285714,1285,1322,0.4017857142857142,0.4017857142857142,1.0,0.6844444444444445,0.9716088328075708,36.98723602294922
57,57.0,57.0,"",3478,1434,2.6012037627551017,3438,1308,2.0357142857142856,4.633928571428571,0.4393063583815029,0.2757453605111043,0.4350512989740205,4.570180892944336
58,58.0,58.0,"",3292,1414,2.600486288265305,3253,1292,2.008928571428571,4.580357142857142,0.4385964912280701,0.2826120857699805,0.5105289104866539,7.099096298217773
59,59.0,59.0,"",2131,1424,2.749003507653061,2092,1292,2.008928571428571,5.0625,0.3968253968253967,0.2702998236331569,0.4335011596990439,6.863247394561768
60,60.0,60.0,d,861,1291,0.1126434948979591,855,1285,0.4017857142857142,0.4017857142857142,1.0,0.6977777777777778,0.98125,121.6842269897461
61,61.0,61.0,"",3081,1276,0.1277104591836734,3066,1270,1.3928571428571428,0.75,1.857142857142857,0.1222527472527472,0.4461152882205513,0.0
62,62.0,62.0,"",2335,1397,2.5169005102040813,2295,1270,2.008928571428571,4.660714285714286,0.4310344827586206,0.2688122605363984,0.4992528285775279,8.707566261291504
63,63.0,63.0,"",3031,1271,0.2288743622448979,3006,1268,1.419642857142857,0.2142857142857142,6.625,0.7523584905660377,0.9550898203592816,90.10477447509766
64,64.0,64.0,"",3116,1369,1.3768335459183672,3087,1261,1.3125,3.883928571428571,0.3379310344827586,0.2700914848698099,0.4754118667162146,11.770962715148926
65,65.0,65.0,"",1850,1403,2.651785714285714,1813,1261,2.0357142857142856,7.366071428571428,0.2763636363636363,0.1768421052631579,0.3397527232614791,7.365132331848144
66,66.0,66.0,n,578,1310,1.0295758928571426,565,1258,0.75,2.8125,0.2666666666666666,0.4880952380952379,0.6534608378870673,158.509765625
67,67.0,67.0,"",578,1310,0.332908163265306,568,1297,0.5892857142857143,0.75,0.7857142857142857,0.753246753246753,0.9717277486910996,72.44458770751953
68,68.0,68.0,"",2552,1377,2.5133131377551017,2526,1255,1.3125,4.553571428571428,0.2882352941176471,0.4205282112845138,0.6442298850574713,5.377614498138428
69,69.0,69.0,"",1675,1377,2.519052933673469,1648,1255,1.3125,4.553571428571428,0.2882352941176471,0.4214885954381753,0.6529056252905625,5.576157569885254
70,70.0,70.0,"",205,1254,0.2547034438775509,141,1249,3.455357142857143,0.7232142857142857,4.777777777777778,0.1019236290554119,0.1788413098236775,83.69912719726562
71,71.0,71.0,"",2937,1354,1.4008689413265305,2910,1242,1.3125,3.9107142857142856,0.3356164383561644,0.272924238188426,0.487576476463978,15.504179954528809
72,72.0,72.0,"",99,1385,2.748286033163265,76,1242,1.3125,7.366071428571428,0.1781818181818182,0.2842671614100185,0.4826130779891646,4.7280683517456055
73,73.0,73.0,m,3948,1310,0.4419642857142856,3946,1233,0.1339285714285714,4.151785714285714,0.032258064516129,0.7948387096774192,1.0,0.0
74,74.0,74.0,"",2740,1367,2.4878427933673466,2713,1233,1.3125,5.142857142857142,0.2552083333333333,0.3685693027210884,0.5333384603553026,3.2435245513916016
75,75.0,75.0,m,2006,1310,0.4419642857142856,2004,1233,0.1339285714285714,4.151785714285714,0.032258064516129,0.7948387096774192,1.0,0.0
76,76.0,76.0,"",1556,1318,1.7606823979591832,1519,1224,2.357142857142857,3.883928571428571,0.606896551724138,0.1923197492163008,0.3349027635619243,174.8287353515625
77,77.0,77.0,"",272,1366,2.601921237244897,248,1224,1.3125,7.687499999999999,0.1707317073170731,0.2578752755457583,0.438963868546874,4.617499351501465
78,78.0,78.0,"",560,1217,0.2694116709183673,492,1212,3.696428571428571,0.6964285714285714,5.307692307692308,0.104654403567447,0.1774574669187145,84.5943832397461
79,79.0,79.0,"",1242,1347,2.7332190688775504,1218,1205,1.3125,7.687499999999999,0.1707317073170731,0.2708881461992462,0.4672226651131416,3.549339532852173
80,80.0,80.0,"",450,1347,2.760483099489796,427,1205,1.3125,7.687499999999999,0.1707317073170731,0.2735902723458721,0.4740051743254896,4.29325532913208
81,81.0,81.0,"",1126,1281,1.7413105867346936,1089,1186,2.357142857142857,3.883928571428571,0.606896551724138,0.1902037617554858,0.3301816202979389,171.22186279296875
82,82.0,82.0,"",636,1297,1.29898756377551,608,1186,1.3125,3.883928571428571,0.3379310344827586,0.2548205489092188,0.4558730958076293,8.206029891967773
83,83.0,83.0,"",3930,1188,0.1782924107142856,3911,1171,0.7232142857142857,1.419642857142857,0.5094339622641509,0.173654786862334,0.310625,86.98457336425781
84,84.0,84.0,"",2083,1188,0.1782924107142856,2077,1171,0.7232142857142857,1.419642857142857,0.5094339622641509,0.173654786862334,0.310625,93.0154266357422
85,85.0,85.0,"",815,1279,1.4001514668367343,788,1167,1.3125,3.9107142857142856,0.3356164383561644,0.2727844562482526,0.4841230463904738,8.185155868530273
86,86.0,86.0,"",1376,1161,1.7219387755102038,940,1148,24.535714285714285,2.4107142857142856,10.177777777777775,0.0291120815138282,0.0786279424050322,92.9494171142578
87,87.0,87.0,"",3489,983,0.2392777423469387,3425,963,3.375,0.7232142857142857,4.666666666666667,0.0980305702527924,0.1892735527809307,105.1052703857422
88,88.0,88.0,"",3591,925,1.4869658801020404,3558,898,2.008928571428571,3.2410714285714284,0.6198347107438016,0.2283746556473829,0.4299792531120331,0.0
89,89.0,89.0,"",2710,924,0.2238520408163264,2651,895,3.2410714285714284,1.0178571428571428,3.1842105263157894,0.0678555893866898,0.1810269799825935,72.20677947998047
90,90.0,90.0,"",3137,915,0.2414301658163264,3072,884,3.321428571428571,1.125,2.952380952380952,0.0646121351766513,0.196726103478515,163.6861572265625
91,91.0,91.0,"",3420,893,1.4012276785714284,3401,860,1.3125,3.589285714285714,0.3656716417910448,0.2974413646055436,0.5190697674418605,12.554423332214355
92,92.0,92.0,"",545,879,0.3056441326530612,466,860,3.9107142857142856,0.75,5.214285714285714,0.1042074363992172,0.2056977305649444,85.76286315917969
93,93.0,93.0,"",3247,858,1.4521683673469383,3228,823,1.3125,3.9107142857142856,0.3356164383561644,0.2829186469108191,0.4993831729583025,13.6659574508667
94,94.0,94.0,"",2629,855,1.376474808673469,2610,823,1.3125,3.9107142857142856,0.3356164383561644,0.2681716522225328,0.4811285266457679,10.970139503479004
95,95.0,95.0,d,504,806,0.1083386479591836,498,800,0.4017857142857142,0.375,1.0714285714285714,0.7190476190476189,0.9805194805194803,90.0
96,96.0,96.0,"",2798,821,1.4801498724489792,2779,785,1.3125,3.9375,0.3333333333333333,0.2864084409273913,0.5018243736317197,11.302435874938965
97,97.0,97.0,"",449,803,1.376474808673469,431,768,1.3125,3.883928571428571,0.3379310344827586,0.270021111893033,0.4781904287138583,12.725420951843262
98,98.0,98.0,"",645,796,1.8356584821428568,626,748,1.3125,3.9107142857142856,0.3356164383561644,0.3576320939334637,0.5193869265123833,10.681711196899414
99,99.0,99.0,e,2285,790,0.684111926020408,2270,737,0.8035714285714285,2.7857142857142856,0.2884615384615384,0.3056089743589744,0.4373853211009174,1.8834794759750368
100,100.0,100.0,m,2205,785,0.3623246173469387,2203,710,0.1607142857142857,4.151785714285714,0.0387096774193548,0.543010752688172,0.688949522510232,0.0
101,101.0,101.0,"",455,675,0.2123724489795918,418,673,2.008928571428571,0.1339285714285714,14.999999999999998,0.7893333333333333,1.0,0.0
102,102.0,102.0,"",3188,657,0.2529097576530612,3119,652,3.7232142857142856,0.7767857142857142,4.793103448275862,0.0874472835524683,0.1846032992930086,95.54795837402344
103,103.0,103.0,"",3255,756,1.386519451530612,3228,644,1.3125,3.9107142857142856,0.3356164383561644,0.2701285993849594,0.4798261949099938,5.544344902038574
104,104.0,104.0,"",1646,761,2.507932079081632,1620,638,1.3125,4.607142857142857,0.2848837209302325,0.4147484575225439,0.6351989823732509,5.174992561340332
105,105.0,105.0,f,2388,687,0.7185507015306121,2376,632,0.8035714285714285,2.25,0.3571428571428571,0.3974206349206348,0.6550032701111838,178.6314697265625
106,106.0,106.0,"",3429,737,1.304727359693877,3401,626,1.3125,3.883928571428571,0.3379310344827586,0.2559465165376495,0.4568521542519784,9.656209945678713
107,107.0,107.0,"",3071,766,2.682637117346938,3047,626,1.3392857142857142,7.687499999999999,0.1742160278745644,0.2605574912891986,0.444035389822457,5.394895553588867
108,108.0,108.0,"",3524,630,0.2288743622448979,3462,624,3.214285714285714,0.8839285714285714,3.636363636363636,0.0805555555555555,0.1934505761067313,57.25029373168945
109,109.0,109.0,"",3775,782,2.91796875,3747,619,1.3125,7.124999999999999,0.1842105263157895,0.3120300751879699,0.4098145908907699,3.070423126220703
110,110.0,110.0,"",1996,760,2.7339365433673466,1970,619,1.3125,5.625,0.2333333333333333,0.3703109815354712,0.5189649302008853,1.91651463508606
111,111.0,111.0,"",1461,760,2.677973533163265,1435,619,1.3125,5.598214285714286,0.2344497607655502,0.3644663607069621,0.5094519893537159,1.8207582235336304
112,112.0,112.0,"",2744,619,0.2460937499999999,2679,614,3.4821428571428568,0.7767857142857142,4.482758620689655,0.0909814323607427,0.1863624015213257,100.9145278930664
113,113.0,113.0,"",2808,716,1.4801498724489792,2779,607,1.3125,3.9107142857142856,0.3356164383561644,0.2883701425775789,0.5099493264120627,13.53460693359375
114,114.0,114.0,"",2448,764,2.833665497448979,2419,594,1.3125,7.741071428571428,0.1695501730103806,0.2788997952122025,0.3455985299264963,3.065110206604004
115,115.0,115.0,"",3599,699,1.2928890306122447,3571,588,1.3125,3.883928571428571,0.3379310344827586,0.2536242083040112,0.4530483972344437,12.528164863586426
116,116.0,116.0,"",2637,699,1.299705038265306,2609,588,1.3392857142857142,3.883928571428571,0.3448275862068966,0.2498620689655172,0.4477814856012854,12.720415115356444
117,117.0,117.0,"",1269,749,2.7999441964285707,1228,576,2.0357142857142856,7.741071428571428,0.2629757785467128,0.1776771079949007,0.2576077628886394,2.081624984741211
118,118.0,118.0,"",1010,732,2.7436224489795915,970,576,2.008928571428571,6.75,0.2976190476190475,0.2023280423280423,0.2992409421707489,1.99866795539856
119,119.0,119.0,"",762,702,2.604432397959183,722,576,2.008928571428571,5.223214285714286,0.3846153846153846,0.2482051282051281,0.3875927606641396,5.019464015960693
120,120.0,120.0,"",126,692,3.100566007653061,86,551,2.008928571428571,6.428571428571428,0.3125,0.2400833333333333,0.337248322147651,2.4828484058380127
121,121.0,121.0,"",1640,422,1.339883609693877,1607,395,2.008928571428571,3.214285714285714,0.625,0.2075,0.3857674034290436,23.735706329345703
122,122.0,122.0,"",3420,424,1.4597018494897955,3388,393,2.008928571428571,3.267857142857143,0.6147540983606556,0.2223497267759562,0.4111762328213419,19.0024471282959
123,123.0,123.0,"",3068,422,1.394770408163265,3034,393,2.008928571428571,3.267857142857143,0.6147540983606556,0.2124590163934425,0.3955239064089522,25.848709106445312
124,124.0,124.0,"",1819,402,1.4783561862244896,1786,375,2.008928571428571,3.2410714285714284,0.6198347107438016,0.2270523415977961,0.4274896265560166,10.3507080078125
125,125.0,125.0,"",1644,377,0.2123724489795918,1607,375,2.008928571428571,0.1339285714285714,14.999999999999998,0.7893333333333333,1.0,0.0
126,126.0,126.0,"",2630,386,1.405173788265306,2597,356,2.008928571428571,3.589285714285714,0.5597014925373134,0.1948756218905472,0.3639319892223358,16.32618522644043
127,127.0,127.0,f,3709,387,0.7594467474489794,3698,334,0.8035714285714285,2.2232142857142856,0.3614457831325301,0.4251004016064257,0.6945538057742782,177.93360900878906
128,128.0,128.0,s,3196,376,1.2505580357142854,3178,324,1.0178571428571428,2.839285714285714,0.3584905660377359,0.4327209533267129,0.5297872340425531,2.9395856857299805
129,129.0,129.0,"",3196,376,0.2877072704081632,3189,361,0.4285714285714285,0.8571428571428571,0.5,0.7832031249999999,0.976857490864799,67.30789184570312
130,130.0,130.0,d,2683,320,0.1112085459183673,2677,314,0.4017857142857142,0.4017857142857142,1.0,0.6888888888888889,0.9748427672955976,74.5197525024414
131,131.0,131.0,"",3189,265,0.3694993622448979,3141,260,3.133928571428571,0.7767857142857142,4.0344827586206895,0.1517830828175655,0.3585102680125305,33.59669494628906
132,132.0,132.0,"",3255,364,1.3718112244897958,3215,252,2.008928571428571,3.9107142857142856,0.5136986301369862,0.1746118721461187,0.3287200206309636,17.67411231994629
133,133.0,133.0,n,62,302,1.029934630102041,49,249,0.75,2.839285714285714,0.2641509433962264,0.4836590296495957,0.6530937215650592,166.61219787597656
134,134.0,134.0,"",62,301,0.3347018494897958,52,288,0.5892857142857143,0.7767857142857142,0.7586206896551725,0.7311912225705329,0.96985446985447,72.02830505371094
135,135.0,135.0,"",3774,367,2.711694834183673,3734,246,2.008928571428571,4.607142857142857,0.436046511627907,0.292984496124031,0.5243115766109454,8.893383979797363
136,136.0,136.0,d,173,245,0.1119260204081632,166,239,0.4017857142857142,0.4017857142857142,1.0,0.6933333333333334,0.975,0.0
137,137.0,137.0,"",3428,348,1.5422114158163265,3388,234,2.008928571428571,3.9107142857142856,0.5136986301369862,0.1963013698630137,0.3754913092846537,3.566113471984864
138,138.0,138.0,"",3075,345,1.6118064413265305,3034,234,2.008928571428571,3.9107142857142856,0.5136986301369862,0.2051598173515981,0.3876617773943054,11.317692756652832
139,139.0,139.0,"",3524,238,0.2288743622448979,3464,232,3.1607142857142856,0.9375,3.371428571428572,0.0772397094430992,0.1787114845938375,72.15027618408203
140,140.0,140.0,"",2869,231,0.1937181122448979,2845,224,2.142857142857143,0.75,2.857142857142857,0.1205357142857142,0.4408163265306123,103.0343017578125
141,141.0,141.0,"",1996,351,2.5757334183673466,1957,224,2.008928571428571,4.6875,0.4285714285714285,0.2735238095238095,0.5084625734721337,10.224238395690918
142,142.0,142.0,"",1461,351,2.50649713010204,1422,224,2.008928571428571,4.660714285714286,0.4310344827586206,0.2677011494252873,0.4991783953704365,8.070968627929688
143,143.0,143.0,"",2777,225,0.543845663265306,2723,221,2.9732142857142856,0.2410714285714285,12.333333333333334,0.7587587587587588,0.959493670886076,90.16059112548828
144,144.0,144.0,"",2931,311,1.6824776785714282,2895,215,2.330357142857143,3.883928571428571,0.6,0.1858898137138327,0.3221596373128176,176.33985900878906
145,145.0,145.0,e,2285,266,0.6798070790816325,2271,214,0.7767857142857142,2.7857142857142856,0.2788461538461538,0.314157824933687,0.4463024022609515,1.9031952619552608
146,146.0,146.0,"",3598,308,1.40445631377551,3571,196,1.3125,3.9107142857142856,0.3356164383561644,0.2736231478892926,0.4860938664017879,5.993481159210205
147,147.0,147.0,"",2637,308,1.4012276785714284,2610,196,1.3125,3.9107142857142856,0.3356164383561644,0.2729941291585127,0.4878840869347989,15.69461441040039
148,148.0,148.0,"",1647,308,1.4259805484693877,1620,196,1.2857142857142856,3.9375,0.326530612244898,0.2816751700680272,0.4996857322438717,7.910909652709961
149,149.0,149.0,"",2446,319,2.5854193239795915,2419,187,1.3125,5.142857142857142,0.2552083333333333,0.3830250850340136,0.5549822886185123,3.769782781600952
150,150.0,150.0,m,2205,264,0.3314732142857142,2204,187,0.1071428571428571,4.151785714285714,0.0258064516129032,0.7451612903225806,1.0,0.0
151,151.0,151.0,"",1009,312,2.431521045918367,983,187,1.3125,4.633928571428571,0.2832369942196532,0.3997876607290314,0.6120642947444465,5.545215606689453
152,152.0,152.0,"",1268,302,2.519052933673469,1241,171,1.3392857142857142,5.0625,0.2645502645502645,0.3715343915343915,0.5507882971213429,3.934438943862915
153,153.0,153.0,"",762,292,2.615194515306122,735,171,1.3125,4.580357142857142,0.2865497076023392,0.435016111707841,0.6627875261387399,5.366769313812256
154,154.0,154.0,"",242,151,0.2984693877551019,163,147,4.178571428571428,0.6428571428571428,6.5,0.1111111111111111,0.1897810218978102,81.8395767211914
155,155.0,155.0,"",123,283,2.793486926020408,99,140,1.3125,7.687499999999999,0.1707317073170731,0.2768612671549456,0.4657296650717703,5.562662124633789
156,156.0,156.0,"",333,218,1.8525191326530608,297,121,2.357142857142857,3.9107142857142856,0.6027397260273973,0.2009651307596512,0.3484480431848852,160.3428955078125
157,157.0,157.0,"",457,247,2.595822704081632,431,115,1.3125,5.0892857142857135,0.2578947368421053,0.3886143931256713,0.5585919407132932,3.1461057662963867
158,0.0,,"",1361,1983,1.921037946428571,869,1957,24.96428571428571,0.9107142857142856,27.41176470588235,0.0844957081545064,0.1524251394739838,91.74830627441406
159,1.0,,"",3674,1961,1.6548549107142854,3631,1944,2.357142857142857,1.0714285714285714,2.2,0.6552556818181817,0.8636959370904326,88.86907958984375
160,2.0,,"",3015,1969,0.2421476403061224,2952,1941,3.4285714285714284,1.0178571428571428,3.3684210526315788,0.0693873355263157,0.1884948338452946,73.72406768798828
161,3.0,,"",168,1945,0.2532684948979591,100,1927,3.5625,0.6696428571428571,5.319999999999999,0.1061654135338345,0.1896829661472326,107.06282043457033
162,4.0,,"",523,1916,0.2503985969387755,485,1906,2.625,0.4553571428571428,5.764705882352941,0.2094837935174069,0.2800963081861958,92.2001953125
163,5.0,,"",3284,1924,1.3879544005102038,3266,1888,1.3125,3.9107142857142856,0.3356164383561644,0.2704081632653061,0.4810992290475006,11.206318855285645
164,6.0,,"",2929,1900,1.4094786352040811,2910,1868,1.3125,3.9375,0.3333333333333333,0.27273358322921,0.4891074318436449,16.14936065673828
165,7.0,,"",1846,1901,1.4080436862244896,1826,1868,1.3392857142857142,3.9375,0.3401360544217687,0.2670068027210884,0.4818315737785416,13.085984230041504
166,8.0,,"",3107,1863,1.386160714285714,3087,1831,1.3125,3.9107142857142856,0.3356164383561644,0.2700587084148727,0.4760379450535912,8.118600845336914
167,9.0,,"",807,1866,1.4521683673469383,788,1831,1.3125,3.9107142857142856,0.3356164383561644,0.2829186469108191,0.4993831729583025,13.66600513458252
168,10.0,,"",268,1863,1.392617984693877,248,1831,1.3125,3.9107142857142856,0.3356164383561644,0.2713167458764327,0.478255513120611,6.76482629776001
169,11.0,,"",1668,1846,1.3176419005102038,1648,1813,1.3392857142857142,3.9107142857142856,0.3424657534246575,0.2515753424657534,0.4498469075321494,3.027127504348755
170,12.0,,"",628,1846,1.3176419005102038,608,1813,1.3392857142857142,3.9107142857142856,0.3424657534246575,0.2515753424657534,0.4498469075321494,3.027071952819824
171,13.0,,"",94,1849,1.3879544005102038,76,1813,1.3125,3.9107142857142856,0.3356164383561644,0.2704081632653061,0.4810992290475006,11.206376075744627
172,14.0,,f,2494,1862,0.7626753826530611,2483,1809,0.8035714285714285,2.2232142857142856,0.3614457831325301,0.4269076305220883,0.6931855233126833,176.32447814941406
173,15.0,,n,2278,1851,1.0328045280612244,2265,1799,0.75,2.839285714285714,0.2641509433962264,0.4850067385444743,0.6549135577797999,155.8967742919922
174,16.0,,"",2278,1851,0.3347018494897958,2268,1838,0.5892857142857143,0.7767857142857142,0.7586206896551725,0.7311912225705329,0.96985446985447,72.35835266113281
175,17.0,,"",3674,1814,2.863081951530612,3640,1777,1.875,2.008928571428571,0.9333333333333332,0.7600952380952383,0.8661818971130888,0.1320327371358871
176,18.0,,"",446,1809,1.325175382653061,426,1776,1.3392857142857142,3.883928571428571,0.3448275862068966,0.2547586206896551,0.4528070605540574,2.1568026542663574
177,19.0,,m,3948,1833,0.4419642857142856,3946,1756,0.1339285714285714,4.151785714285714,0.032258064516129,0.7948387096774192,1.0,0.0
178,20.0,,m,2006,1833,0.4419642857142856,2004,1756,0.1339285714285714,4.151785714285714,0.032258064516129,0.7948387096774192,1.0,0.0
179,21.0,,s,3600,1795,1.254862882653061,3582,1743,1.0178571428571428,2.839285714285714,0.3584905660377359,0.4342105263157894,0.5295186194368756,2.3655765056610107
180,22.0,,"",3600,1795,0.2877072704081632,3593,1780,0.4285714285714285,0.8571428571428571,0.5,0.7832031249999999,0.976857490864799,67.01193237304688
181,23.0,,"",3478,1843,2.6657764668367343,3452,1702,1.3125,5.598214285714286,0.2344497607655502,0.362806366565765,0.5078594860579552,1.4833605289459229
182,24.0,,"",2131,1806,2.437619579081632,2104,1684,1.3392857142857142,4.553571428571428,0.2941176470588235,0.3997058823529412,0.6118314424635333,3.956764459609986
183,25.0,,f,2682,1731,0.763751594387755,2671,1678,0.8035714285714285,2.2232142857142856,0.3614457831325301,0.4275100401606426,0.6955243384514865,2.847585439682007
184,26.0,,"",2335,1805,2.6281090561224483,2308,1665,1.3125,5.571428571428571,0.2355769230769231,0.3593995290423861,0.5056249568638277,1.5671393871307373
185,27.0,,"",992,1786,2.6090959821428568,965,1665,1.3125,4.580357142857142,0.2865497076023392,0.4340016708437761,0.6591444625702375,5.983857154846191
186,28.0,,"",3116,1761,1.491270727040816,3088,1652,1.2857142857142856,3.9375,0.326530612244898,0.2945719954648526,0.5147350173353146,13.135143280029297
187,29.0,,"",815,1764,1.377909757653061,788,1652,1.3125,3.9107142857142856,0.3356164383561644,0.2684512161028795,0.4791068978420856,13.748974800109863
188,30.0,,"",2741,1812,2.687300701530612,2713,1640,1.3392857142857142,7.741071428571428,0.1730103806228373,0.2592041522491349,0.3253420195439739,1.4400190114974976
189,31.0,,"",204,1643,0.2482461734693877,138,1638,3.455357142857143,0.7232142857142857,4.777777777777778,0.0993396497272466,0.1943820224719101,70.5216293334961
190,32.0,,"",2937,1745,1.2975526147959182,2910,1634,1.3125,3.883928571428571,0.3379310344827586,0.2545390570021111,0.4563462023719404,12.687564849853516
191,33.0,,"",1676,1745,1.3535156249999998,1649,1634,1.2857142857142856,3.9107142857142856,0.3287671232876712,0.2691923515981735,0.4800254452926209,12.269147872924805
192,34.0,,"",103,1745,1.3011399872448977,76,1634,1.3125,3.883928571428571,0.3379310344827586,0.2552427867698803,0.4573770491803278,11.330315589904783
193,35.0,,"",1423,1775,2.846938775510204,1382,1621,2.008928571428571,6.75,0.2976190476190475,0.2099470899470899,0.3100726732828006,2.7959647178649902
194,36.0,,"",1245,1749,2.507932079081632,1205,1621,2.008928571428571,5.223214285714286,0.3846153846153846,0.2390085470085469,0.3763863465058684,4.608810424804688
195,37.0,,"",2554,1773,2.818239795918367,2513,1615,2.008928571428571,7.392857142857142,0.2717391304347826,0.1897584541062802,0.2785815602836879,2.2140157222747803
196,38.0,,"",275,1711,1.40445631377551,235,1609,2.008928571428571,3.589285714285714,0.5597014925373134,0.1947761194029851,0.3644912019365049,20.383718490600582
197,39.0,,"",635,1696,1.4249043367346936,595,1602,2.008928571428571,3.267857142857143,0.6147540983606556,0.2170491803278688,0.4143110462084072,0.0
198,40.0,,"",1296,1584,1.4367426658163265,927,1577,19.553571428571427,1.0714285714285714,18.25,0.0685787671232876,0.0992934176273707,87.27446746826172
199,41.0,,"",1355,1548,1.7703683035714282,896,1509,24.40178571428571,1.3125,18.591836734693874,0.0552767759134389,0.086430347823041,91.28091430664062
200,42.0,,"",172,1493,0.2611607142857142,102,1474,3.75,0.6696428571428571,5.6,0.104,0.1794429381316243,88.30009460449219
201,43.0,,"",3674,1460,1.482661033163265,3631,1442,2.357142857142857,1.0178571428571428,2.3157894736842106,0.6179724880382774,0.9237818506928924,89.99104309082031
202,44.0,,"",2930,1432,1.403021364795918,2897,1402,2.008928571428571,3.589285714285714,0.5597014925373134,0.1945771144278607,0.3636786312069927,21.468006134033203
203,45.0,,"",3674,1405,1.7556600765306118,3631,1383,2.357142857142857,1.1517857142857142,2.046511627906977,0.6466701902748413,0.856492824641232,91.4695281982422
204,46.0,,f,3234,1433,0.7605229591836733,3223,1380,0.8035714285714285,2.2232142857142856,0.3614457831325301,0.4257028112449799,0.6948541461815798,177.8806915283203
205,47.0,,s,3420,1422,1.2530691964285712,3402,1370,1.0178571428571428,2.839285714285714,0.3584905660377359,0.4335898709036742,0.5310932035882622,2.9668333530426025
206,48.0,,"",3420,1422,0.2877072704081632,3413,1407,0.4285714285714285,0.8571428571428571,0.5,0.7832031249999999,0.976857490864799,67.30789184570312
207,49.0,,n,2278,1423,1.0302933673469383,2265,1370,0.75,2.839285714285714,0.2641509433962264,0.4838274932614554,0.6531726176938821,167.47694396972656
208,50.0,,"",2278,1422,0.3354193239795918,2268,1409,0.5892857142857143,0.7767857142857142,0.7586206896551725,0.7327586206896551,0.9679089026915114,72.35589599609375
209,51.0,,s,1795,1422,1.2530691964285712,1777,1370,1.0178571428571428,2.839285714285714,0.3584905660377359,0.4335898709036742,0.5310932035882622,2.96683406829834
210,52.0,,"",1795,1422,0.2877072704081632,1788,1407,0.4285714285714285,0.8571428571428571,0.5,0.7832031249999999,0.976857490864799,67.30789184570312
211,53.0,,"",1415,1398,1.2950414540816324,1395,1366,1.3125,3.883928571428571,0.3379310344827586,0.2540464461646727,0.456211297864274,13.461111068725586
212,54.0,,"",806,1401,1.3800621811224487,788,1366,1.3125,3.883928571428571,0.3379310344827586,0.2707248416608022,0.4783635911464809,13.047895431518556
213,55.0,,"",985,1360,1.308314732142857,965,1328,1.3125,3.9107142857142856,0.3356164383561644,0.2548923679060665,0.4550786124282506,9.795702934265137
214,56.0,,d,1292,1329,0.1104910714285714,1285,1322,0.4017857142857142,0.4017857142857142,1.0,0.6844444444444445,0.9716088328075708,36.98723602294922
215,57.0,,"",3478,1434,2.6012037627551017,3438,1308,2.0357142857142856,4.633928571428571,0.4393063583815029,0.2757453605111043,0.4350512989740205,4.570180892944336
216,58.0,,"",3292,1414,2.600486288265305,3253,1292,2.008928571428571,4.580357142857142,0.4385964912280701,0.2826120857699805,0.5105289104866539,7.099096298217773
217,59.0,,"",2131,1424,2.749003507653061,2092,1292,2.008928571428571,5.0625,0.3968253968253967,0.2702998236331569,0.4335011596990439,6.863247394561768
218,60.0,,d,861,1291,0.1126434948979591,855,1285,0.4017857142857142,0.4017857142857142,1.0,0.6977777777777778,0.98125,121.6842269897461
219,61.0,,"",3081,1276,0.1277104591836734,3066,1270,1.3928571428571428,0.75,1.857142857142857,0.1222527472527472,0.4461152882205513,0.0
220,62.0,,"",2335,1397,2.5169005102040813,2295,1270,2.008928571428571,4.660714285714286,0.4310344827586206,0.2688122605363984,0.4992528285775279,8.707566261291504
221,63.0,,"",3031,1271,0.2288743622448979,3006,1268,1.419642857142857,0.2142857142857142,6.625,0.7523584905660377,0.9550898203592816,90.10477447509766
222,64.0,,"",3116,1369,1.3768335459183672,3087,1261,1.3125,3.883928571428571,0.3379310344827586,0.2700914848698099,0.4754118667162146,11.770962715148926
223,65.0,,"",1850,1403,2.651785714285714,1813,1261,2.0357142857142856,7.366071428571428,0.2763636363636363,0.1768421052631579,0.3397527232614791,7.365132331848144
224,66.0,,n,578,1310,1.0295758928571426,565,1258,0.75,2.8125,0.2666666666666666,0.4880952380952379,0.6534608378870673,158.509765625
225,67.0,,"",578,1310,0.332908163265306,568,1297,0.5892857142857143,0.75,0.7857142857142857,0.753246753246753,0.9717277486910996,72.44458770751953
226,68.0,,"",2552,1377,2.5133131377551017,2526,1255,1.3125,4.553571428571428,0.2882352941176471,0.4205282112845138,0.6442298850574713,5.377614498138428
227,69.0,,"",1675,1377,2.519052933673469,1648,1255,1.3125,4.553571428571428,0.2882352941176471,0.4214885954381753,0.6529056252905625,5.576157569885254
228,70.0,,"",205,1254,0.2547034438775509,141,1249,3.455357142857143,0.7232142857142857,4.777777777777778,0.1019236290554119,0.1788413098236775,83.69912719726562
229,71.0,,"",2937,1354,1.4008689413265305,2910,1242,1.3125,3.9107142857142856,0.3356164383561644,0.272924238188426,0.487576476463978,15.504179954528809
230,72.0,,"",99,1385,2.748286033163265,76,1242,1.3125,7.366071428571428,0.1781818181818182,0.2842671614100185,0.4826130779891646,4.7280683517456055
231,73.0,,m,3948,1310,0.4419642857142856,3946,1233,0.1339285714285714,4.151785714285714,0.032258064516129,0.7948387096774192,1.0,0.0
232,74.0,,"",2740,1367,2.4878427933673466,2713,1233,1.3125,5.142857142857142,0.2552083333333333,0.3685693027210884,0.5333384603553026,3.2435245513916016
233,75.0,,m,2006,1310,0.4419642857142856,2004,1233,0.1339285714285714,4.151785714285714,0.032258064516129,0.7948387096774192,1.0,0.0
234,76.0,,"",1556,1318,1.7606823979591832,1519,1224,2.357142857142857,3.883928571428571,0.606896551724138,0.1923197492163008,0.3349027635619243,174.8287353515625
235,77.0,,"",272,1366,2.601921237244897,248,1224,1.3125,7.687499999999999,0.1707317073170731,0.2578752755457583,0.438963868546874,4.617499351501465
236,78.0,,"",560,1217,0.2694116709183673,492,1212,3.696428571428571,0.6964285714285714,5.307692307692308,0.104654403567447,0.1774574669187145,84.5943832397461
237,79.0,,"",1242,1347,2.7332190688775504,1218,1205,1.3125,7.687499999999999,0.1707317073170731,0.2708881461992462,0.4672226651131416,3.549339532852173
238,80.0,,"",450,1347,2.7604830994897958,427,1205,1.3125,7.687499999999999,0.1707317073170731,0.2735902723458721,0.4740051743254896,4.29325532913208
239,81.0,,"",1126,1281,1.7413105867346936,1089,1186,2.357142857142857,3.883928571428571,0.606896551724138,0.1902037617554858,0.3301816202979389,171.22186279296875
240,82.0,,"",636,1297,1.29898756377551,608,1186,1.3125,3.883928571428571,0.3379310344827586,0.2548205489092188,0.4558730958076293,8.206029891967773
241,83.0,,"",3930,1188,0.1782924107142856,3911,1171,0.7232142857142857,1.419642857142857,0.5094339622641509,0.173654786862334,0.310625,86.98457336425781
242,84.0,,"",2083,1188,0.1782924107142856,2077,1171,0.7232142857142857,1.419642857142857,0.5094339622641509,0.173654786862334,0.310625,93.0154266357422
243,85.0,,"",815,1279,1.4001514668367343,788,1167,1.3125,3.9107142857142856,0.3356164383561644,0.2727844562482526,0.4841230463904738,8.185155868530273
244,86.0,,"",1376,1161,1.7219387755102038,940,1148,24.535714285714285,2.4107142857142856,10.177777777777775,0.0291120815138282,0.0786279424050322,92.9494171142578
245,87.0,,"",3489,983,0.2392777423469387,3425,963,3.375,0.7232142857142857,4.666666666666667,0.0980305702527924,0.1892735527809307,105.1052703857422
246,88.0,,"",3591,925,1.4869658801020404,3558,898,2.008928571428571,3.2410714285714284,0.6198347107438016,0.2283746556473829,0.4299792531120331,0.0
247,89.0,,"",2710,924,0.2238520408163264,2651,895,3.2410714285714284,1.0178571428571428,3.1842105263157894,0.0678555893866898,0.1810269799825935,72.20677947998047
248,90.0,,"",3137,915,0.2414301658163264,3072,884,3.321428571428571,1.125,2.952380952380952,0.0646121351766513,0.196726103478515,163.6861572265625
249,91.0,,"",3420,893,1.4012276785714284,3401,860,1.3125,3.589285714285714,0.3656716417910448,0.2974413646055436,0.5190697674418605,12.554423332214355
250,92.0,,"",545,879,0.3056441326530612,466,860,3.9107142857142856,0.75,5.214285714285714,0.1042074363992172,0.2056977305649444,85.76286315917969
251,93.0,,"",3247,858,1.4521683673469383,3228,823,1.3125,3.9107142857142856,0.3356164383561644,0.2829186469108191,0.4993831729583025,13.6659574508667
252,94.0,,"",2629,855,1.376474808673469,2610,823,1.3125,3.9107142857142856,0.3356164383561644,0.2681716522225328,0.4811285266457679,10.970139503479004
253,95.0,,d,504,806,0.1083386479591836,498,800,0.4017857142857142,0.375,1.0714285714285714,0.7190476190476189,0.9805194805194803,90.0
254,96.0,,"",2798,821,1.4801498724489792,2779,785,1.3125,3.9375,0.3333333333333333,0.2864084409273913,0.5018243736317197,11.302435874938965
255,97.0,,"",449,803,1.376474808673469,431,768,1.3125,3.883928571428571,0.3379310344827586,0.270021111893033,0.4781904287138583,12.725420951843262
256,98.0,,"",645,796,1.8356584821428568,626,748,1.3125,3.9107142857142856,0.3356164383561644,0.3576320939334637,0.5193869265123833,10.681711196899414
257,99.0,,e,2285,790,0.684111926020408,2270,737,0.8035714285714285,2.7857142857142856,0.2884615384615384,0.3056089743589744,0.4373853211009174,1.8834794759750368
258,100.0,,m,2205,785,0.3623246173469387,2203,710,0.1607142857142857,4.151785714285714,0.0387096774193548,0.543010752688172,0.688949522510232,0.0
259,101.0,,"",455,675,0.2123724489795918,418,673,2.008928571428571,0.1339285714285714,14.999999999999998,0.7893333333333333,1.0,0.0
260,102.0,,"",3188,657,0.2529097576530612,3119,652,3.7232142857142856,0.7767857142857142,4.793103448275862,0.0874472835524683,0.1846032992930086,95.54795837402344
261,103.0,,"",3255,756,1.386519451530612,3228,644,1.3125,3.9107142857142856,0.3356164383561644,0.2701285993849594,0.4798261949099938,5.544344902038574
262,104.0,,"",1646,761,2.507932079081632,1620,638,1.3125,4.607142857142857,0.2848837209302325,0.4147484575225439,0.6351989823732509,5.174992561340332
263,105.0,,f,2388,687,0.7185507015306121,2376,632,0.8035714285714285,2.25,0.3571428571428571,0.3974206349206348,0.6550032701111838,178.6314697265625
264,106.0,,"",3429,737,1.304727359693877,3401,626,1.3125,3.883928571428571,0.3379310344827586,0.2559465165376495,0.4568521542519784,9.656209945678713
265,107.0,,"",3071,766,2.682637117346938,3047,626,1.3392857142857142,7.687499999999999,0.1742160278745644,0.2605574912891986,0.444035389822457,5.394895553588867
266,108.0,,"",3524,630,0.2288743622448979,3462,624,3.214285714285714,0.8839285714285714,3.636363636363636,0.0805555555555555,0.1934505761067313,57.25029373168945
267,109.0,,"",3775,782,2.91796875,3747,619,1.3125,7.124999999999999,0.1842105263157895,0.3120300751879699,0.4098145908907699,3.070423126220703
268,110.0,,"",1996,760,2.7339365433673466,1970,619,1.3125,5.625,0.2333333333333333,0.3703109815354712,0.5189649302008853,1.91651463508606
269,111.0,,"",1461,760,2.677973533163265,1435,619,1.3125,5.598214285714286,0.2344497607655502,0.3644663607069621,0.5094519893537159,1.8207582235336304
270,112.0,,"",2744,619,0.2460937499999999,2679,614,3.4821428571428568,0.7767857142857142,4.482758620689655,0.0909814323607427,0.1863624015213257,100.9145278930664
271,113.0,,"",2808,716,1.4801498724489792,2779,607,1.3125,3.9107142857142856,0.3356164383561644,0.2883701425775789,0.5099493264120627,13.53460693359375
272,114.0,,"",2448,764,2.833665497448979,2419,594,1.3125,7.741071428571428,0.1695501730103806,0.2788997952122025,0.3455985299264963,3.065110206604004
273,115.0,,"",3599,699,1.2928890306122447,3571,588,1.3125,3.883928571428571,0.3379310344827586,0.2536242083040112,0.4530483972344437,12.528164863586426
274,116.0,,"",2637,699,1.299705038265306,2609,588,1.3392857142857142,3.883928571428571,0.3448275862068966,0.2498620689655172,0.4477814856012854,12.720415115356444
275,117.0,,"",1269,749,2.7999441964285707,1228,576,2.0357142857142856,7.741071428571428,0.2629757785467128,0.1776771079949007,0.2576077628886394,2.081624984741211
276,118.0,,"",1010,732,2.7436224489795915,970,576,2.008928571428571,6.75,0.2976190476190475,0.2023280423280423,0.2992409421707489,1.99866795539856
277,119.0,,"",762,702,2.604432397959183,722,576,2.008928571428571,5.223214285714286,0.3846153846153846,0.2482051282051281,0.3875927606641396,5.019464015960693
278,120.0,,"",126,692,3.100566007653061,86,551,2.008928571428571,6.428571428571428,0.3125,0.2400833333333333,0.337248322147651,2.4828484058380127
279,121.0,,"",1640,422,1.339883609693877,1607,395,2.008928571428571,3.214285714285714,0.625,0.2075,0.3857674034290436,23.735706329345703
280,122.0,,"",3420,424,1.4597018494897955,3388,393,2.008928571428571,3.267857142857143,0.6147540983606556,0.2223497267759562,0.4111762328213419,19.0024471282959
281,123.0,,"",3068,422,1.394770408163265,3034,393,2.008928571428571,3.267857142857143,0.6147540983606556,0.2124590163934425,0.3955239064089522,25.848709106445312
282,124.0,,"",1819,402,1.4783561862244896,1786,375,2.008928571428571,3.2410714285714284,0.6198347107438016,0.2270523415977961,0.4274896265560166,10.3507080078125
283,125.0,,"",1644,377,0.2123724489795918,1607,375,2.008928571428571,0.1339285714285714,14.999999999999998,0.7893333333333333,1.0,0.0
284,126.0,,"",2630,386,1.405173788265306,2597,356,2.008928571428571,3.589285714285714,0.5597014925373134,0.1948756218905472,0.3639319892223358,16.32618522644043
285,127.0,,f,3709,387,0.7594467474489794,3698,334,0.8035714285714285,2.2232142857142856,0.3614457831325301,0.4251004016064257,0.6945538057742782,177.93360900878906
286,128.0,,s,3196,376,1.2505580357142854,3178,324,1.0178571428571428,2.839285714285714,0.3584905660377359,0.4327209533267129,0.5297872340425531,2.9395856857299805
287,129.0,,"",3196,376,0.2877072704081632,3189,361,0.4285714285714285,0.8571428571428571,0.5,0.7832031249999999,0.976857490864799,67.30789184570312
288,130.0,,d,2683,320,0.1112085459183673,2677,314,0.4017857142857142,0.4017857142857142,1.0,0.6888888888888889,0.9748427672955976,74.5197525024414
289,131.0,,"",3189,265,0.3694993622448979,3141,260,3.133928571428571,0.7767857142857142,4.0344827586206895,0.1517830828175655,0.3585102680125305,33.59669494628906
290,132.0,,"",3255,364,1.3718112244897958,3215,252,2.008928571428571,3.9107142857142856,0.5136986301369862,0.1746118721461187,0.3287200206309636,17.67411231994629
291,133.0,,n,62,302,1.029934630102041,49,249,0.75,2.839285714285714,0.2641509433962264,0.4836590296495957,0.6530937215650592,166.61219787597656
292,134.0,,"",62,301,0.3347018494897958,52,288,0.5892857142857143,0.7767857142857142,0.7586206896551725,0.7311912225705329,0.96985446985447,72.02830505371094
293,135.0,,"",3774,367,2.711694834183673,3734,246,2.008928571428571,4.607142857142857,0.436046511627907,0.292984496124031,0.5243115766109454,8.893383979797363
294,136.0,,d,173,245,0.1119260204081632,166,239,0.4017857142857142,0.4017857142857142,1.0,0.6933333333333334,0.975,0.0
295,137.0,,"",3428,348,1.5422114158163265,3388,234,2.008928571428571,3.9107142857142856,0.5136986301369862,0.1963013698630137,0.3754913092846537,3.5661134719848637
296,138.0,,"",3075,345,1.6118064413265305,3034,234,2.008928571428571,3.9107142857142856,0.5136986301369862,0.2051598173515981,0.3876617773943054,11.317692756652832
297,139.0,,"",3524,238,0.2288743622448979,3464,232,3.1607142857142856,0.9375,3.371428571428572,0.0772397094430992,0.1787114845938375,72.15027618408203
298,140.0,,"",2869,231,0.1937181122448979,2845,224,2.142857142857143,0.75,2.857142857142857,0.1205357142857142,0.4408163265306123,103.0343017578125
299,141.0,,"",1996,351,2.5757334183673466,1957,224,2.008928571428571,4.6875,0.4285714285714285,0.2735238095238095,0.5084625734721337,10.224238395690918
300,142.0,,"",1461,351,2.50649713010204,1422,224,2.008928571428571,4.660714285714286,0.4310344827586206,0.2677011494252873,0.4991783953704365,8.070968627929688
301,143.0,,"",2777,225,0.543845663265306,2723,221,2.9732142857142856,0.2410714285714285,12.333333333333334,0.7587587587587588,0.959493670886076,90.16059112548828
302,144.0,,"",2931,311,1.6824776785714282,2895,215,2.330357142857143,3.883928571428571,0.6,0.1858898137138327,0.3221596373128176,176.33985900878906
303,145.0,,e,2285,266,0.6798070790816325,2271,214,0.7767857142857142,2.7857142857142856,0.2788461538461538,0.314157824933687,0.4463024022609515,1.9031952619552608
304,146.0,,"",3598,308,1.40445631377551,3571,196,1.3125,3.9107142857142856,0.3356164383561644,0.2736231478892926,0.4860938664017879,5.993481159210205
305,147.0,,"",2637,308,1.4012276785714284,2610,196,1.3125,3.9107142857142856,0.3356164383561644,0.2729941291585127,0.4878840869347989,15.69461441040039
306,148.0,,"",1647,308,1.4259805484693877,1620,196,1.2857142857142856,3.9375,0.326530612244898,0.2816751700680272,0.4996857322438717,7.910909652709961
307,149.0,,"",2446,319,2.5854193239795915,2419,187,1.3125,5.142857142857142,0.2552083333333333,0.3830250850340136,0.5549822886185123,3.769782781600952
308,150.0,,m,2205,264,0.3314732142857142,2204,187,0.1071428571428571,4.151785714285714,0.0258064516129032,0.7451612903225806,1.0,0.0
309,151.0,,"",1009,312,2.431521045918367,983,187,1.3125,4.633928571428571,0.2832369942196532,0.3997876607290314,0.6120642947444465,5.545215606689453
310,152.0,,"",1268,302,2.519052933673469,1241,171,1.3392857142857142,5.0625,0.2645502645502645,0.3715343915343915,0.5507882971213429,3.934438943862915
311,153.0,,"",762,292,2.615194515306122,735,171,1.3125,4.580357142857142,0.2865497076023392,0.435016111707841,0.6627875261387399,5.366769313812256
312,154.0,,"",242,151,0.2984693877551019,163,147,4.178571428571428,0.6428571428571428,6.5,0.1111111111111111,0.1897810218978102,81.8395767211914
313,155.0,,"",123,283,2.793486926020408,99,140,1.3125,7.687499999999999,0.1707317073170731,0.2768612671549456,0.4657296650717703,5.562662124633789
314,156.0,,"",333,218,1.8525191326530608,297,121,2.357142857142857,3.9107142857142856,0.6027397260273973,0.2009651307596512,0.3484480431848852,160.3428955078125
315,157.0,,"",457,247,2.595822704081632,431,115,1.3125,5.0892857142857135,0.2578947368421053,0.3886143931256713,0.5585919407132932,3.1461057662963867
0,,,"",252,4048,1.3438297193877549,219,4018,2.008928571428571,3.5624999999999996,0.5639097744360902,0.18776942355889725,0.352266315591499,17.94961166381836
1,,,d,2077,3982,0.11156728316326528,2070,3975,0.40178571428571425,0.40178571428571425,1.0,0.6911111111111111,0.9688473520249221,74.78202056884766
2,,,d,984,3982,0.11407844387755099,978,3975,0.40178571428571425,0.40178571428571425,1.0,0.7066666666666667,0.9845201238390092,23.73927879333496
3,,,d,3169,3944,0.11156728316326528,3162,3938,0.40178571428571425,0.40178571428571425,1.0,0.6911111111111111,0.9688473520249221,164.7820281982422
4,,,s,76,3944,1.1849091198979589,57,3892,1.044642857142857,2.839285714285714,0.36792452830188677,0.3994920174165457,0.498566037735849,4.0841383934021
5,,,"",76,3944,0.307079081632653,68,3929,0.45535714285714285,0.8571428571428571,0.53125,0.7867647058823529,0.9782857142857143,68.4716796875
6,,,e,3799,3928,0.6805245535714284,3784,3876,0.8035714285714285,2.758928571428571,0.2912621359223301,0.306957928802589,0.44415827675017555,2.3048081398010254
7,,,e,257,3928,0.6690449617346937,243,3875,0.8035714285714285,2.7857142857142856,0.28846153846153844,0.2988782051282051,0.42873563218390803,1.6382418870925903
8,,,s,144,3925,1.2523517219387752,126,3873,1.0178571428571428,2.839285714285714,0.3584905660377359,0.43334160873882815,0.5312737787246994,3.174842357635498
9,,,"",144,3925,0.2877072704081632,137,3910,0.42857142857142855,0.8571428571428571,0.5,0.7832031249999999,0.976857490864799,67.30789184570312
10,,,m,3948,3925,0.4448341836734693,3946,3848,0.13392857142857142,4.178571428571428,0.032051282051282055,0.7948717948717948,1.0,0.0
11,,,m,3411,3925,0.4448341836734693,3409,3848,0.13392857142857142,4.178571428571428,0.032051282051282055,0.7948717948717948,1.0,0.0
12,,,m,3021,3925,0.3408003826530612,3020,3848,0.13392857142857142,4.178571428571428,0.032051282051282055,0.608974358974359,0.8161512027491409,0.0
13,,,"",2414,3894,2.564253826530612,2393,3848,1.3125,4.607142857142857,0.28488372093023256,0.42406264831514,0.6434422540282654,4.744616508483887
14,,,m,2319,3925,0.342235331632653,2317,3848,0.13392857142857142,4.178571428571428,0.032051282051282055,0.6115384615384616,0.8188841201716739,0.004602127242833376
15,,,m,1929,3925,0.342235331632653,1927,3848,0.13392857142857142,4.178571428571428,0.032051282051282055,0.6115384615384616,0.8188841201716739,0.004602195229381323
16,,,"",1741,3894,2.570711096938775,1720,3848,1.3125,4.607142857142857,0.28488372093023256,0.42513051732320833,0.6430366116295765,4.060642719268799
17,,,"",1531,3896,2.6514269770408156,1511,3848,1.3125,4.607142857142857,0.28488372093023256,0.4384788799240626,0.6610912343470482,3.6847527027130127
18,,,m,1227,3925,0.3408003826530612,1225,3848,0.13392857142857142,4.178571428571428,0.032051282051282055,0.608974358974359,0.8161512027491409,0.0
19,,,m,837,3925,0.3408003826530612,835,3848,0.13392857142857142,4.178571428571428,0.032051282051282055,0.608974358974359,0.8161512027491409,0.0
20,,,s,41,3888,1.254504145408163,23,3836,1.0178571428571428,2.8125,0.3619047619047619,0.43822055137844607,0.5308136004857316,2.662735939025879
21,,,"",41,3888,0.28734853316326525,34,3873,0.42857142857142855,0.8303571428571428,0.5161290322580645,0.8074596774193548,0.9804161566707468,65.00576782226562
22,,,"",2017,3928,2.7586894132653055,1997,3830,1.3125,7.098214285714286,0.1849056603773585,0.29611089718906425,0.38676256098174316,1.69415283203125
23,,,d,3169,3832,0.11120854591836732,3162,3825,0.40178571428571425,0.40178571428571425,1.0,0.6888888888888889,0.9779179810725551,77.36320495605469
24,,,d,2077,3832,0.11156728316326528,2070,3825,0.40178571428571425,0.40178571428571425,1.0,0.6911111111111111,0.9688473520249221,74.78202056884766
25,,,s,110,3869,1.2688536352040813,92,3817,1.0178571428571428,2.839285714285714,0.3584905660377359,0.43905163853028795,0.5341286620356388,3.1032168865203857
26,,,"",110,3869,0.2877072704081632,103,3854,0.42857142857142855,0.8571428571428571,0.5,0.7832031249999999,0.976857490864799,67.30789184570312
27,,,"",2833,3879,2.613400829081632,2812,3812,1.3125,5.571428571428571,0.2355769230769231,0.35738814756671894,0.5019983461962514,2.447474956512451
28,,,"",2623,3860,2.573580994897959,2603,3812,1.3125,4.580357142857142,0.2865497076023392,0.428094044635398,0.6579840410896084,6.546890735626221
29,,,"",1321,3881,2.7213807397959178,1301,3812,1.3125,5.571428571428571,0.2355769230769231,0.3721546310832024,0.5215896589658965,2.515549898147583
30,,,"",3506,3878,2.652144451530612,3485,3811,1.3125,5.598214285714286,0.23444976076555024,0.3609510789961917,0.5103195968799613,2.5248658657073975
31,,,"",3108,3910,2.877790178571428,3089,3811,1.3125,7.098214285714286,0.1849056603773585,0.3088948787061994,0.4005392450569203,2.8434853553771973
32,,,"",924,3908,2.920479910714285,892,3792,2.008928571428571,8.116071428571429,0.2475247524752475,0.1791199119911991,0.27483879679956785,2.74503231048584
33,,,d,984,3794,0.11120854591836732,978,3788,0.40178571428571425,0.40178571428571425,1.0,0.6888888888888889,0.9748427672955975,132.76708984375
34,,,"",654,3863,2.5825494260204076,628,3733,1.3125,5.25,0.25,0.37479175343606824,0.5149499284692417,2.2831742763519287
35,,,"",446,3861,2.685507015306122,419,3733,1.3125,5.25,0.25,0.3897334443981674,0.5325839499146272,2.393826723098755
36,,,d,3169,3459,0.11120854591836732,3162,3452,0.40178571428571425,0.40178571428571425,1.0,0.6888888888888889,0.9779179810725551,77.36320495605469
37,,,d,2077,3459,0.11156728316326528,2070,3452,0.40178571428571425,0.40178571428571425,1.0,0.6911111111111111,0.9688473520249221,74.78202056884766
38,,,d,984,3459,0.11407844387755099,978,3452,0.40178571428571425,0.40178571428571425,1.0,0.7066666666666667,0.9845201238390092,23.73927879333496
39,,,d,984,3421,0.11120854591836732,978,3415,0.40178571428571425,0.40178571428571425,1.0,0.6888888888888889,0.9748427672955975,132.76708984375
40,,,"",2622,3451,2.569276147959183,2603,3383,1.3125,5.571428571428571,0.2355769230769231,0.3513540031397173,0.49095146695914443,3.557964563369751
41,,,"",2414,3449,2.4609374999999996,2393,3383,1.3125,5.571428571428571,0.2355769230769231,0.33653846153846145,0.4722241343704826,3.6038718223571777
42,,,d,2077,3384,0.11156728316326528,2070,3377,0.40178571428571425,0.40178571428571425,1.0,0.6911111111111111,0.9688473520249221,74.78202056884766
43,,,"",2017,3439,2.675462372448979,1997,3363,1.3125,6.107142857142857,0.2149122807017544,0.33378088077336193,0.45167151162790703,1.838708519935608
44,,,e,3799,3405,0.6805245535714284,3784,3353,0.8035714285714285,2.758928571428571,0.2912621359223301,0.306957928802589,0.44415827675017555,2.3048081398010254
45,,,e,257,3405,0.6690449617346937,243,3352,0.8035714285714285,2.7857142857142856,0.28846153846153844,0.2988782051282051,0.42873563218390803,1.6382418870925903
46,,,"",3108,3424,2.8092713647959178,3089,3344,1.3125,6.107142857142857,0.2149122807017544,0.3504744002864303,0.477354465102103,3.00022029876709
47,,,d,3169,3346,0.11156728316326528,3162,3340,0.40178571428571425,0.40178571428571425,1.0,0.6911111111111111,0.9688473520249221,164.7820281982422
48,,,s,76,3383,1.1834741709183672,57,3332,1.044642857142857,2.8125,0.3714285714285714,0.4028083028083028,0.5003033060357901,3.5751845836639404
49,,,"",75,3383,0.3060028698979591,68,3369,0.45535714285714285,0.8303571428571428,0.5483870967741936,0.8092979127134724,0.9793340987370837,68.44673919677734
50,,,m,3948,3402,0.4448341836734693,3946,3325,0.13392857142857142,4.178571428571428,0.032051282051282055,0.7948717948717948,1.0,0.0
51,,,"",3506,3401,2.6819196428571423,3485,3325,1.3125,6.107142857142857,0.2149122807017544,0.3345864661654135,0.4528987702186951,2.1119048595428467
52,,,m,3411,3402,0.4448341836734693,3409,3325,0.13392857142857142,4.178571428571428,0.032051282051282055,0.7948717948717948,1.0,0.0
53,,,m,3021,3402,0.3408003826530612,3020,3325,0.13392857142857142,4.178571428571428,0.032051282051282055,0.608974358974359,0.8161512027491409,0.0
54,,,"",2832,3400,2.5929528061224483,2812,3325,1.3125,6.107142857142857,0.2149122807017544,0.3234872896527031,0.43779527559055115,2.4124953746795654
55,,,m,2319,3402,0.342235331632653,2317,3325,0.13392857142857142,4.178571428571428,0.032051282051282055,0.6115384615384616,0.8188841201716739,0.004602127242833376
56,,,m,1929,3402,0.342235331632653,1927,3325,0.13392857142857142,4.178571428571428,0.032051282051282055,0.6115384615384616,0.8188841201716739,0.004602195229381323
57,,,"",1327,3451,2.4343909438775504,1301,3325,1.3125,4.660714285714286,0.28160919540229884,0.3979591836734693,0.6083370685791125,6.206498146057129
58,,,m,1227,3402,0.3408003826530612,1225,3325,0.13392857142857142,4.178571428571428,0.032051282051282055,0.608974358974359,0.8161512027491409,0.0
59,,,m,837,3402,0.3408003826530612,835,3325,0.13392857142857142,4.178571428571428,0.032051282051282055,0.608974358974359,0.8161512027491409,0.0
60,,,"",654,3451,2.430444834183673,628,3325,1.3125,4.660714285714286,0.28160919540229884,0.3973140980530142,0.6116829180209461,5.873509407043457
61,,,"",446,3449,2.5212053571428568,419,3325,1.3125,4.660714285714286,0.28160919540229884,0.41215106732348106,0.6279485346676198,5.220132350921631
62,,,s,144,3365,1.2523517219387752,126,3313,1.0178571428571428,2.8125,0.3619047619047619,0.43746867167919795,0.5310313355643445,2.4214041233062744
63,,,"",144,3365,0.28734853316326525,137,3350,0.42857142857142855,0.8303571428571428,0.5161290322580645,0.8074596774193548,0.9804161566707468,65.00576782226562
64,,,"",931,3441,2.605149872448979,905,3310,1.2857142857142856,5.0892857142857135,0.25263157894736843,0.39813596491228076,0.5815648274205174,2.467522382736206
65,,,"",1748,3428,2.5685586734693873,1720,3291,1.3125,5.571428571428571,0.2355769230769231,0.3512558869701726,0.48913786036343765,3.2388148307800293
66,,,"",1538,3431,2.458785076530612,1511,3291,1.3125,5.571428571428571,0.2355769230769231,0.33624411302982726,0.47070942929743836,3.4330222606658936
67,,,s,41,3327,1.2527104591836733,23,3275,1.0178571428571428,2.839285714285714,0.3584905660377359,0.43346573982125125,0.529572338489536,3.0764265060424805
68,,,"",41,3327,0.28914221938775503,34,3312,0.42857142857142855,0.8571428571428571,0.5,0.7871093749999999,0.9769696969696969,66.63958740234375
69,,,s,110,3308,1.2591677295918364,92,3257,1.0178571428571428,2.8125,0.3619047619047619,0.4398496240601503,0.5342465753424657,3.560774326324463
70,,,"",110,3308,0.28734853316326525,103,3294,0.42857142857142855,0.8303571428571428,0.5161290322580645,0.8074596774193548,0.9804161566707468,65.00576782226562
71,,,"",317,2955,0.12842793367346936,303,2952,0.8035714285714285,0.21428571428571427,3.75,0.7458333333333332,0.9597855227882037,89.70757293701172
72,,,"",2342,2935,0.16824776785714282,2299,2914,2.330357142857143,0.7232142857142857,3.2222222222222223,0.09982971477224349,0.17819148936170212,101.84722137451172
73,,,d,3923,2898,0.11192602040816324,3916,2891,0.40178571428571425,0.40178571428571425,1.0,0.6933333333333334,0.975,0.0
74,,,d,3591,2898,0.11192602040816324,3584,2891,0.40178571428571425,0.40178571428571425,1.0,0.6933333333333334,0.9780564263322884,123.86804962158203
75,,,d,874,2898,0.11120854591836732,868,2891,0.40178571428571425,0.40178571428571425,1.0,0.6888888888888889,0.9748427672955975,47.232913970947266
76,,,d,3923,2860,0.11336096938775508,3916,2854,0.40178571428571425,0.40178571428571425,1.0,0.7022222222222223,0.9813664596273293,0.0
77,,,d,3843,2860,0.11156728316326528,3837,2854,0.40178571428571425,0.40178571428571425,1.0,0.6911111111111111,0.9688473520249221,74.78202056884766
78,,,s,76,2897,1.1881377551020407,57,2846,1.044642857142857,2.8125,0.3714285714285714,0.4043956043956044,0.4995475113122172,3.4511303901672363
79,,,"",76,2898,0.3056441326530612,68,2883,0.45535714285714285,0.8303571428571428,0.5483870967741936,0.8083491461100569,0.9815668202764978,62.94013977050781
80,,,"",278,2871,1.4008689413265303,258,2839,1.3125,3.9374999999999996,0.33333333333333337,0.2710676107177565,0.47967080211276253,13.57327938079834
81,,,e,3122,2881,0.676219706632653,3108,2829,0.7767857142857142,2.7857142857142856,0.2788461538461538,0.3125,0.4429041353383459,1.7414747476577759
82,,,s,144,2879,1.2527104591836733,126,2827,1.0178571428571428,2.8125,0.3619047619047619,0.437593984962406,0.5318306427048431,2.0270588397979736
83,,,"",144,2879,0.2877072704081632,137,2864,0.42857142857142855,0.8571428571428571,0.5,0.7832031249999999,0.976857490864799,67.30789184570312
84,,,"",2421,2855,1.3122608418367345,2402,2822,1.3125,3.9107142857142856,0.3356164383561644,0.2556611685770198,0.4546358438975889,8.613173484802246
85,,,m,3948,2879,0.44196428571428564,3946,2802,0.13392857142857142,4.151785714285714,0.03225806451612903,0.7948387096774192,1.0,0.0
86,,,m,3686,2878,0.33972417091836726,3685,2802,0.13392857142857142,4.151785714285714,0.03225806451612903,0.6109677419354836,0.8177892918825561,0.2083241194486618
87,,,m,3443,2879,0.33147321428571425,3442,2802,0.10714285714285714,4.151785714285714,0.025806451612903222,0.7451612903225806,1.0,0.0
88,,,m,3042,2878,0.33972417091836726,3040,2802,0.13392857142857142,4.151785714285714,0.03225806451612903,0.6109677419354836,0.8177892918825561,179.7916717529297
89,,,m,2721,2878,0.33972417091836726,2720,2802,0.13392857142857142,4.151785714285714,0.03225806451612903,0.6109677419354836,0.8177892918825561,0.2083241194486618
90,,,"",2293,2837,1.4815848214285712,2274,2802,1.3125,3.9374999999999996,0.33333333333333337,0.28668610301263364,0.504211939934074,12.45081901550293
91,,,m,2153,2879,0.33147321428571425,2152,2802,0.10714285714285714,4.151785714285714,0.025806451612903222,0.7451612903225806,1.0,0.0
92,,,m,1686,2878,0.33972417091836726,1685,2802,0.13392857142857142,4.151785714285714,0.03225806451612903,0.6109677419354836,0.8177892918825561,0.2083241194486618
93,,,m,1006,2879,0.44196428571428564,1004,2802,0.13392857142857142,4.151785714285714,0.03225806451612903,0.7948387096774192,1.0,0.0
94,,,m,658,2879,0.33147321428571425,657,2802,0.10714285714285714,4.151785714285714,0.025806451612903222,0.7451612903225806,1.0,0.0
95,,,s,41,2841,1.2516342474489794,23,2789,1.0178571428571428,2.839285714285714,0.3584905660377359,0.43309334657398213,0.5302431610942249,2.9887821674346924
96,,,"",41,2841,0.28914221938775503,34,2826,0.42857142857142855,0.8571428571428571,0.5,0.7871093749999999,0.9781553398058251,65.95858001708984
97,,,d,3843,2785,0.11156728316326528,3837,2779,0.40178571428571425,0.40178571428571425,1.0,0.6911111111111111,0.9688473520249221,74.78202056884766
98,,,d,3591,2785,0.11407844387755099,3584,2779,0.40178571428571425,0.40178571428571425,1.0,0.7066666666666667,0.9845201238390092,23.7392635345459
99,,,d,2924,2785,0.11407844387755099,2918,2779,0.40178571428571425,0.40178571428571425,1.0,0.7066666666666667,0.9845201238390092,156.2607421875
100,,,d,874,2785,0.11407844387755099,868,2779,0.40178571428571425,0.40178571428571425,1.0,0.7066666666666667,0.9845201238390092,156.26072692871094
101,,,s,110,2822,1.2670599489795915,92,2771,1.0178571428571428,2.8125,0.3619047619047619,0.4426065162907267,0.5359635811836115,3.3948464393615723
102,,,"",110,2822,0.28914221938775503,103,2808,0.42857142857142855,0.8303571428571428,0.5161290322580645,0.8124999999999999,0.9793438639125152,69.46106719970703
103,,,"",3353,2832,2.5983338647959178,3332,2766,1.3125,5.571428571428571,0.2355769230769231,0.35532770800627933,0.4978691229034919,2.8952736854553223
104,,,"",3784,2832,2.6542968749999996,3764,2765,1.2857142857142856,5.598214285714286,0.2296650717703349,0.3687699362041467,0.5194832549322475,2.6379590034484863
105,,,"",3529,2864,2.8559072066326525,3511,2765,1.2857142857142856,7.098214285714286,0.1811320754716981,0.31293238993710687,0.4040706527256116,2.6340279579162598
106,,,"",2426,2767,0.2123724489795918,2389,2765,2.008928571428571,0.13392857142857142,14.999999999999998,0.7893333333333333,1.0,0.0
107,,,"",814,2861,2.722456951530612,795,2765,1.2857142857142856,7.098214285714286,0.1811320754716981,0.29830974842767294,0.3877478029838545,2.3179731369018555
108,,,d,2924,2748,0.11120854591836732,2918,2741,0.40178571428571425,0.40178571428571425,1.0,0.6888888888888889,0.9748427672955975,47.23282241821289
109,,,"",1128,2796,2.84406887755102,1095,2728,2.008928571428571,5.571428571428571,0.3605769230769231,0.2541025641025641,0.43649176898089526,6.210157871246338
110,,,"",2866,2774,2.63313137755102,2832,2727,2.008928571428571,4.607142857142857,0.436046511627907,0.2844961240310077,0.5141856392294221,12.040292739868164
111,,,"",528,2852,2.665058992346938,502,2711,1.3125,5.598214285714286,0.23444976076555024,0.3627087198515769,0.5067185048768842,1.946019172668457
112,,,"",3221,2786,3.008370535714285,3188,2710,2.008928571428571,6.053571428571428,0.33185840707964603,0.2473746312684366,0.38818682590380965,6.486604690551758
113,,,"",2039,2803,2.9610172193877546,2005,2710,2.008928571428571,7.071428571428571,0.28409090909090906,0.20843434343434344,0.316657715031075,3.7465829849243164
114,,,"",1562,2803,2.9678332270408156,1529,2710,2.008928571428571,7.071428571428571,0.28409090909090906,0.2089141414141414,0.3176669354529048,4.289517402648926
115,,,"",1340,2805,3.103077168367346,1308,2710,2.008928571428571,7.071428571428571,0.28409090909090906,0.21843434343434343,0.330392269202857,5.225017070770264
116,,,"",1827,2774,2.860212053571428,1793,2708,2.0357142857142856,5.678571428571428,0.3584905660377359,0.24742428003972192,0.40556488122488427,6.805305480957031
117,,,"",361,2697,0.15031090561224486,321,2693,2.196428571428571,0.6428571428571428,3.4166666666666665,0.10645325203252032,0.19167429094236046,4.118710517883301
118,,,"",396,2820,2.6865832270408156,372,2680,1.3125,7.7142857142857135,0.1701388888888889,0.2653415532879818,0.4479870790213555,5.2693634033203125
119,,,"",286,2775,1.3025749362244896,258,2674,1.3125,3.5624999999999996,0.368421052631579,0.27857910081325765,0.4984898407468424,12.062722206115723
120,,,"",2301,2741,1.481943558673469,2261,2649,2.008928571428571,3.2410714285714284,0.6198347107438016,0.22760330578512397,0.4285269709543568,0.0
121,,,"",2375,2654,0.15497448979591832,2334,2647,2.142857142857143,0.8571428571428571,2.5,0.08437499999999999,0.20809248554913293,14.532883644104004
122,,,"",2569,2743,2.526945153061224,2530,2643,2.008928571428571,3.883928571428571,0.5172413793103448,0.3238620689655172,0.49605633802816906,9.384374618530273
123,,,"",316,2545,0.13560267857142855,281,2527,1.9285714285714284,0.6696428571428571,2.88,0.10500000000000001,0.20644456581103224,0.0
124,,,"",2334,2525,0.14062499999999997,2297,2492,1.982142857142857,1.2053571428571428,1.6444444444444444,0.05885885885885885,0.2063157894736842,0.0
125,,,"",2422,2478,1.3499282525510201,2389,2449,2.008928571428571,3.5624999999999996,0.5639097744360902,0.1886215538847118,0.35263799081623093,16.9561824798584
126,,,"",392,2478,1.3499282525510201,359,2449,2.008928571428571,3.5624999999999996,0.5639097744360902,0.1886215538847118,0.35263799081623093,16.956096649169922
127,,,d,874,2450,0.11120854591836732,868,2443,0.40178571428571425,0.40178571428571425,1.0,0.6888888888888889,0.9748427672955975,47.232913970947266
128,,,d,3591,2412,0.11407844387755099,3584,2406,0.40178571428571425,0.40178571428571425,1.0,0.7066666666666667,0.9845201238390092,23.7392635345459
129,,,d,2924,2412,0.11407844387755099,2918,2406,0.40178571428571425,0.40178571428571425,1.0,0.7066666666666667,0.9845201238390092,156.2607421875
130,,,d,874,2412,0.11407844387755099,868,2406,0.40178571428571425,0.40178571428571425,1.0,0.7066666666666667,0.9845201238390092,156.26072692871094
131,,,d,3923,2375,0.11192602040816324,3916,2368,0.40178571428571425,0.40178571428571425,1.0,0.6933333333333334,0.975,0.0
132,,,d,3843,2375,0.11120854591836732,3837,2368,0.40178571428571425,0.40178571428571425,1.0,0.6888888888888889,0.9748427672955975,105.48025512695312
133,,,"",2039,2382,2.432955994897959,2018,2337,1.3125,4.553571428571428,0.2882352941176471,0.40708283313325333,0.62214475736171,5.841943740844727
134,,,"",1563,2382,2.4354671556122445,1542,2337,1.3125,4.553571428571428,0.2882352941176471,0.40750300120048016,0.6205100082259392,5.369713306427002
135,,,"",1341,2384,2.517259247448979,1321,2337,1.3125,4.553571428571428,0.2882352941176471,0.4211884753901561,0.6373297002724796,5.562976360321045
136,,,"",1128,2384,2.5118781887755097,1108,2337,1.3125,4.553571428571428,0.2882352941176471,0.42028811524609844,0.6356209150326797,6.120824813842773
137,,,d,3923,2337,0.11336096938775508,3916,2331,0.40178571428571425,0.40178571428571425,1.0,0.7022222222222223,0.9813664596273293,0.0
138,,,d,2924,2337,0.11407844387755099,2918,2331,0.40178571428571425,0.40178571428571425,1.0,0.7066666666666667,0.9845201238390092,156.2607421875
139,,,"",1827,2363,2.5936702806122445,1807,2316,1.2857142857142856,4.607142857142857,0.27906976744186046,0.4378633720930233,0.662027286878491,2.63260555267334
140,,,"",528,2443,2.5215640943877546,488,2316,2.0357142857142856,4.660714285714286,0.43678160919540227,0.26576678765880213,0.4944428812605515,8.30786418914795
141,,,e,3122,2358,0.676219706632653,3108,2306,0.7767857142857142,2.7857142857142856,0.2788461538461538,0.3125,0.4429041353383459,1.7414747476577759
142,,,"",821,2423,2.5459582270408156,795,2301,1.2857142857142856,4.580357142857142,0.2807017543859649,0.43232212475633525,0.6616632481819876,4.291683197021484
143,,,"",3530,2378,2.8053252551020402,3511,2298,1.2857142857142856,6.107142857142857,0.21052631578947367,0.3572733918128655,0.4828054578008273,1.6769518852233887
144,,,"",363,2301,0.14636479591836732,326,2296,1.9285714285714284,0.6964285714285714,2.769230769230769,0.10897435897435898,0.2095531587057011,116.6595458984375
145,,,d,3843,2300,0.11120854591836732,3837,2293,0.40178571428571425,0.40178571428571425,1.0,0.6888888888888889,0.9748427672955975,105.48025512695312
146,,,d,3591,2300,0.11192602040816324,3584,2293,0.40178571428571425,0.40178571428571425,1.0,0.6933333333333334,0.9780564263322884,123.86804962158203
147,,,"",401,2397,1.4801498724489792,372,2288,1.3125,3.9107142857142856,0.3356164383561644,0.2883701425775789,0.5100123609394314,16.12220001220703
148,,,s,76,2337,1.1823979591836733,57,2285,1.044642857142857,2.839285714285714,0.36792452830188677,0.3986453797774553,0.4994696166085771,4.007868766784668
149,,,"",76,2337,0.30779655612244894,68,2322,0.45535714285714285,0.8571428571428571,0.53125,0.7886029411764706,0.976109215017065,69.29821014404297
150,,,m,3948,2356,0.44196428571428564,3946,2279,0.13392857142857142,4.151785714285714,0.03225806451612903,0.7948387096774192,1.0,0.0
151,,,"",3784,2354,2.6740274234693873,3764,2279,1.2857142857142856,6.107142857142857,0.21052631578947367,0.3405519005847953,0.4600098741051592,2.323117733001709
152,,,m,3686,2355,0.33972417091836726,3685,2279,0.13392857142857142,4.151785714285714,0.03225806451612903,0.6109677419354836,0.8177892918825561,0.2083241194486618
153,,,m,3443,2356,0.33147321428571425,3442,2279,0.10714285714285714,4.151785714285714,0.025806451612903222,0.7451612903225806,1.0,0.0
154,,,"",3352,2354,2.605149872448979,3332,2279,1.3125,6.107142857142857,0.2149122807017544,0.3250089509488005,0.43900374803530406,2.5426025390625
155,,,m,3042,2355,0.33972417091836726,3040,2279,0.13392857142857142,4.151785714285714,0.03225806451612903,0.6109677419354836,0.8177892918825561,179.7916717529297
156,,,m,2721,2355,0.33972417091836726,2720,2279,0.13392857142857142,4.151785714285714,0.03225806451612903,0.6109677419354836,0.8177892918825561,0.2083241194486618
157,,,"",2570,2423,2.552415497448979,2530,2279,2.008928571428571,5.6517857142857135,0.35545023696682465,0.22480252764612957,0.3798718633208756,4.610903263092041
158,,,m,2153,2356,0.33147321428571425,2152,2279,0.10714285714285714,4.151785714285714,0.025806451612903222,0.7451612903225806,1.0,0.0
159,,,m,1686,2355,0.33972417091836726,1685,2279,0.13392857142857142,4.151785714285714,0.03225806451612903,0.6109677419354836,0.8177892918825561,0.2083241194486618
160,,,m,1006,2356,0.44196428571428564,1004,2279,0.13392857142857142,4.151785714285714,0.03225806451612903,0.7948387096774192,1.0,0.0
161,,,m,658,2356,0.33147321428571425,657,2279,0.10714285714285714,4.151785714285714,0.025806451612903222,0.7451612903225806,1.0,0.0
162,,,"",282,2412,2.6022799744897953,258,2270,1.3125,7.687499999999999,0.17073170731707318,0.25791082983716135,0.44019661387220094,4.1671037673950195
163,,,s,144,2318,1.2516342474489794,126,2266,1.0178571428571428,2.839285714285714,0.3584905660377359,0.43309334657398213,0.5302431610942249,2.9887824058532715
164,,,"",144,2318,0.2884247448979591,137,2303,0.42857142857142855,0.8571428571428571,0.5,0.7851562499999999,0.9781021897810218,66.51433563232422
165,,,"",2387,2263,0.17219387755102036,2343,2258,2.276785714285714,0.6964285714285714,3.2692307692307687,0.1085972850678733,0.21352313167259784,103.9580078125
166,,,"",2431,2360,1.4787149234693875,2402,2251,1.3125,3.9107142857142856,0.3356164383561644,0.28809057869723226,0.5095179233621755,14.835397720336914
167,,,"",3228,2384,2.447664221938775,3201,2245,1.3125,5.544642857142857,0.23671497584541065,0.33634033323474316,0.4688702583837273,3.7695517539978027
168,,,"",2871,2377,2.594746492346938,2845,2245,1.2857142857142856,5.0892857142857135,0.25263157894736843,0.39654605263157894,0.5718238595936438,2.909163236618042
169,,,"",2298,2375,2.7604830994897953,2274,2232,1.3125,7.7142857142857135,0.1701388888888889,0.272640306122449,0.4600621786440272,4.8327741622924805
170,,,s,41,2281,1.2552216198979589,23,2229,1.0178571428571428,2.8125,0.3619047619047619,0.4384711779448621,0.5317629179331306,2.8214001655578613
171,,,"",41,2281,0.2877072704081632,34,2266,0.42857142857142855,0.8571428571428571,0.5,0.7832031249999999,0.976857490864799,67.30789184570312
172,,,s,110,2262,1.2570153061224487,92,2210,1.0178571428571428,2.839285714285714,0.3584905660377359,0.4349553128103277,0.5318761384335154,3.5006003379821777
173,,,"",110,2262,0.2877072704081632,103,2247,0.42857142857142855,0.8571428571428571,0.5,0.7832031249999999,0.976857490864799,67.01193237304688
174,,,"",3931,2198,0.15963807397959182,3911,2180,0.7232142857142857,1.3928571428571428,0.5192307692307693,0.15847578347578348,0.28746770025839796,85.24681854248047
175,,,"",3178,2199,0.19407684948979587,3173,2180,0.7232142857142857,1.3928571428571428,0.5192307692307693,0.19266381766381763,0.3389724310776942,95.08111572265625
176,,,"",1917,1889,0.2245695153061224,1862,1869,3.0,0.7232142857142857,4.148148148148148,0.10350529100529098,0.18234780075735507,97.5971450805664
177,,,d,296,1852,0.11120854591836732,290,1846,0.40178571428571425,0.40178571428571425,1.0,0.6888888888888889,0.9779179810725551,77.36320495605469
178,,,d,296,1815,0.1122847576530612,290,1808,0.40178571428571425,0.40178571428571425,1.0,0.6955555555555556,0.9720496894409938,165.0533905029297
179,,,s,76,1852,1.1823979591836733,57,1800,1.044642857142857,2.839285714285714,0.36792452830188677,0.3986453797774553,0.4994696166085771,4.007870197296143
180,,,"",76,1852,0.30779655612244894,68,1837,0.45535714285714285,0.8571428571428571,0.53125,0.7886029411764706,0.976109215017065,69.29821014404297
181,,,s,144,1833,1.2516342474489794,126,1781,1.0178571428571428,2.839285714285714,0.3584905660377359,0.43309334657398213,0.5302431610942249,2.988783359527588
182,,,"",144,1833,0.2877072704081632,137,1818,0.42857142857142855,0.8571428571428571,0.5,0.7832031249999999,0.976857490864799,67.30789184570312
183,,,"",2010,1809,1.3025749362244896,1990,1777,1.3125,3.883928571428571,0.33793103448275863,0.255524278676988,0.4541020510255128,8.105367660522461
184,,,m,3420,1833,0.4448341836734693,3418,1756,0.13392857142857142,4.178571428571428,0.032051282051282055,0.7948717948717948,1.0,0.0
185,,,m,2636,1833,0.4448341836734693,2634,1756,0.13392857142857142,4.178571428571428,0.032051282051282055,0.7948717948717948,1.0,0.0
186,,,m,2291,1833,0.4448341836734693,2289,1756,0.13392857142857142,4.178571428571428,0.032051282051282055,0.7948717948717948,1.0,0.0
187,,,"",1855,1792,1.4744100765306118,1836,1756,1.3125,3.9374999999999996,0.33333333333333337,0.2852977925864223,0.5024449877750611,13.912811279296875
188,,,m,1705,1833,0.4448341836734693,1703,1756,0.13392857142857142,4.178571428571428,0.032051282051282055,0.7948717948717948,1.0,0.0
189,,,m,1136,1833,0.342235331632653,1135,1756,0.13392857142857142,4.178571428571428,0.032051282051282055,0.6115384615384616,0.8188841201716739,179.99539184570312
190,,,m,271,1833,0.342235331632653,270,1756,0.13392857142857142,4.178571428571428,0.032051282051282055,0.6115384615384616,0.8188841201716739,179.99539184570312
191,,,"",244,1833,2.001753826530612,235,1756,0.5089285714285714,4.178571428571428,0.1217948717948718,0.9412955465587044,1.0,0.0
192,,,s,41,1796,1.2552216198979589,23,1744,1.0178571428571428,2.8125,0.3619047619047619,0.4384711779448621,0.5317629179331306,2.8214001655578613
193,,,"",41,1796,0.2877072704081632,34,1781,0.42857142857142855,0.8571428571428571,0.5,0.7832031249999999,0.976857490864799,67.30789184570312
194,,,d,2494,1740,0.11120854591836732,2488,1733,0.40178571428571425,0.40178571428571425,1.0,0.6888888888888889,0.9748427672955975,47.233360290527344
195,,,s,110,1777,1.2652662627551017,92,1725,1.0178571428571428,2.839285714285714,0.3584905660377359,0.4378103277060575,0.5347180109157065,3.7183454036712646
196,,,"",110,1777,0.2877072704081632,103,1762,0.42857142857142855,0.8571428571428571,0.5,0.7832031249999999,0.976857490864799,67.01193237304688
197,,,"",3846,1766,2.4968112244897953,3825,1720,1.3125,4.580357142857142,0.2865497076023392,0.4153240243465807,0.6342263531984691,4.957228183746338
198,,,"",3264,1789,2.7170758928571423,3244,1720,1.3125,5.571428571428571,0.2355769230769231,0.371565934065934,0.521302223139927,2.6649725437164307
199,,,"",3009,1789,2.7170758928571423,2989,1720,1.3125,5.571428571428571,0.2355769230769231,0.371565934065934,0.521302223139927,2.6649725437164307
200,,,"",2769,1787,2.59618144132653,2748,1720,1.3125,5.571428571428571,0.2355769230769231,0.35503335949764514,0.4998963873730745,2.3783373832702637
201,,,"",2014,1721,0.21201371173469383,1977,1720,2.008928571428571,0.13392857142857142,14.999999999999998,0.788,1.0,90.40922546386719
202,,,"",3583,1796,2.8368941326530606,3550,1700,2.008928571428571,7.124999999999999,0.2819548872180451,0.1981954887218045,0.31474626865671645,5.047885894775391
203,,,d,2494,1702,0.11407844387755099,2488,1696,0.40178571428571425,0.40178571428571425,1.0,0.7066666666666667,0.9845201238390092,156.2607421875
204,,,"",2436,1728,2.634207589285714,2402,1682,2.008928571428571,4.580357142857142,0.43859649122807015,0.2862768031189084,0.5175865228730528,9.57958698272705
205,,,"",1543,1760,3.117426658163265,1511,1664,2.008928571428571,7.071428571428571,0.28409090909090906,0.21944444444444444,0.33127477889600493,5.035075664520264
206,,,"",992,1760,3.1149154974489788,960,1664,2.008928571428571,7.071428571428571,0.28409090909090906,0.21926767676767675,0.33143751431406976,5.123965740203857
207,,,"",755,1760,3.122807716836734,723,1664,2.008928571428571,7.071428571428571,0.28409090909090906,0.2198232323232323,0.3319098638807336,5.499474048614502
208,,,"",517,1760,3.1149154974489788,485,1664,2.008928571428571,7.071428571428571,0.28409090909090906,0.21926767676767675,0.33143751431406976,5.123965740203857
209,,,"",1284,1728,2.851961096938775,1250,1663,2.008928571428571,5.6517857142857135,0.35545023696682465,0.2511848341232228,0.4067952719643862,6.68208646774292
210,,,"",1862,1697,1.428491709183673,1823,1603,2.008928571428571,3.267857142857143,0.6147540983606556,0.2175956284153005,0.4147484637016977,0.0
211,,,"",2155,1696,2.5925940688775504,2116,1597,2.008928571428571,3.883928571428571,0.5172413793103448,0.3322758620689655,0.5026079699561861,9.13737678527832
212,,,"",1911,1479,0.19622927295918363,1861,1447,2.625,1.2053571428571428,2.177777777777778,0.06201814058956915,0.21897518014411527,95.74732208251953
213,,,"",2010,1433,1.3488520408163263,1977,1404,2.008928571428571,3.5624999999999996,0.5639097744360902,0.18847117794486218,0.3512049318139361,22.632959365844727
214,,,d,2494,1367,0.11120854591836732,2488,1360,0.40178571428571425,0.40178571428571425,1.0,0.6888888888888889,0.9748427672955975,47.233360290527344
215,,,d,296,1329,0.11120854591836732,290,1323,0.40178571428571425,0.40178571428571425,1.0,0.6888888888888889,0.9779179810725551,77.36320495605469
216,,,"",1544,1339,2.5233577806122445,1524,1291,1.3125,4.580357142857142,0.2865497076023392,0.41973982575486335,0.6401528940662542,5.270846843719482
217,,,"",993,1339,2.5136718749999996,973,1291,1.3125,4.580357142857142,0.2865497076023392,0.41812865497076024,0.6378698224852071,5.341007709503174
218,,,"",756,1339,2.5204878826530606,736,1291,1.3125,4.580357142857142,0.2865497076023392,0.41926244181883277,0.639483025393647,4.916090488433838
219,,,"",518,1339,2.5136718749999996,498,1291,1.3125,4.580357142857142,0.2865497076023392,0.41812865497076024,0.6378698224852071,5.341007709503174
220,,,d,2494,1292,0.11120854591836732,2488,1285,0.40178571428571425,0.40178571428571425,1.0,0.6888888888888889,0.9748427672955975,47.233360290527344
221,,,d,296,1292,0.1122847576530612,290,1285,0.40178571428571425,0.40178571428571425,1.0,0.6955555555555556,0.9720496894409938,165.0533905029297
222,,,"",1284,1317,2.5646125637755097,1264,1271,1.2857142857142856,4.607142857142857,0.27906976744186046,0.43295784883720934,0.657560706401766,3.6393046379089355
223,,,s,76,1291,1.1881377551020407,57,1240,1.044642857142857,2.8125,0.3714285714285714,0.4043956043956044,0.4995475113122172,3.4511313438415527
224,,,"",76,1292,0.3056441326530612,68,1277,0.45535714285714285,0.8303571428571428,0.5483870967741936,0.8083491461100569,0.9815668202764978,62.94013977050781
225,,,"",3852,1365,2.5847018494897953,3825,1233,1.3125,5.142857142857142,0.25520833333333337,0.3829187925170068,0.5547001308799754,3.04341197013855
226,,,"",3590,1359,2.5104432397959178,3564,1233,1.2857142857142856,4.6875,0.27428571428571424,0.416547619047619,0.6376890832877711,5.462740898132324
227,,,m,3420,1310,0.4448341836734693,3418,1233,0.13392857142857142,4.178571428571428,0.032051282051282055,0.7948717948717948,1.0,0.0
228,,,"",3271,1357,2.5226403061224483,3244,1233,1.3125,4.660714285714286,0.28160919540229884,0.4123856439127374,0.6276329882184933,5.154016494750977
229,,,"",3016,1357,2.5226403061224483,2989,1233,1.3125,4.660714285714286,0.28160919540229884,0.4123856439127374,0.6276329882184933,5.154016494750977
230,,,"",2775,1359,2.4430006377551017,2748,1233,1.3125,4.660714285714286,0.28160919540229884,0.39936664320900767,0.6138453217955652,5.2094502449035645
231,,,m,2636,1310,0.4448341836734693,2634,1233,0.13392857142857142,4.178571428571428,0.032051282051282055,0.7948717948717948,1.0,0.0
232,,,m,2291,1310,0.4448341836734693,2289,1233,0.13392857142857142,4.178571428571428,0.032051282051282055,0.7948717948717948,1.0,0.0
233,,,"",2156,1375,2.6460459183673466,2116,1233,2.008928571428571,5.6517857142857135,0.35545023696682465,0.2330489731437599,0.39355458328886994,5.284979343414307
234,,,m,1705,1310,0.4448341836734693,1703,1233,0.13392857142857142,4.178571428571428,0.032051282051282055,0.7948717948717948,1.0,0.0
235,,,m,1136,1310,0.342235331632653,1135,1233,0.13392857142857142,4.178571428571428,0.032051282051282055,0.6115384615384616,0.8188841201716739,179.99539184570312
236,,,m,271,1310,0.342235331632653,270,1233,0.13392857142857142,4.178571428571428,0.032051282051282055,0.6115384615384616,0.8188841201716739,179.99539184570312
237,,,"",244,1310,2.001753826530612,235,1233,0.5089285714285714,4.178571428571428,0.1217948717948718,0.9412955465587044,1.0,0.0
238,,,s,144,1273,1.2527104591836733,126,1221,1.0178571428571428,2.8125,0.3619047619047619,0.437593984962406,0.5318306427048431,2.0270588397979736
239,,,"",144,1273,0.2877072704081632,137,1258,0.42857142857142855,0.8571428571428571,0.5,0.7832031249999999,0.976857490864799,67.30789184570312
240,,,"",1964,1218,0.2173947704081632,1905,1213,2.9196428571428568,0.6964285714285714,4.192307692307692,0.10691601976005645,0.19986807387862796,95.1605453491211
241,,,"",2019,1314,1.4823022959183672,1990,1205,1.3125,3.9107142857142856,0.3356164383561644,0.2887894883980989,0.5150835203191224,14.314260482788086
242,,,"",2441,1332,2.5854193239795915,2415,1199,1.2857142857142856,5.0892857142857135,0.25263157894736843,0.3951206140350878,0.567435634989371,1.7025408744812012
243,,,"",1859,1332,2.6801259566326525,1836,1187,1.3125,7.687499999999999,0.17073170731707318,0.26562611107160633,0.4490863188266411,4.355560779571533
244,,,s,41,1235,1.2527104591836733,23,1183,1.0178571428571428,2.839285714285714,0.3584905660377359,0.43346573982125125,0.5306990881458966,2.940387487411499
245,,,"",41,1235,0.2877072704081632,34,1220,0.42857142857142855,0.8571428571428571,0.5,0.7832031249999999,0.976857490864799,67.30789184570312
246,,,s,110,1217,1.263113839285714,92,1165,1.0178571428571428,2.8125,0.3619047619047619,0.4412280701754385,0.5349437860832573,3.0213043689727783
247,,,"",110,1216,0.28914221938775503,103,1202,0.42857142857142855,0.8303571428571428,0.5161290322580645,0.8124999999999999,0.9793438639125152,69.46106719970703
248,,,"",352,909,1.350645727040816,319,880,2.008928571428571,3.5624999999999996,0.5639097744360902,0.1887218045112782,0.3528584817244611,18.03105354309082
249,,,d,2132,843,0.1122847576530612,2125,837,0.40178571428571425,0.40178571428571425,1.0,0.6955555555555556,0.9690402476780186,9.700488090515137
250,,,d,1067,843,0.1122847576530612,1060,837,0.40178571428571425,0.40178571428571425,1.0,0.6955555555555556,0.9690402476780186,9.700488090515137
251,,,d,3197,806,0.10977359693877549,3190,799,0.40178571428571425,0.40178571428571425,1.0,0.68,0.9683544303797468,45.0
252,,,"",246,823,1.4855309311224487,216,785,1.4732142857142856,1.9285714285714284,0.763888888888889,0.5228535353535353,0.7651515151515152,33.368682861328125
253,,,"",237,820,0.27228156887755095,221,802,0.6964285714285714,0.8035714285714285,0.8666666666666667,0.48653846153846153,0.947565543071161,0.0
254,,,s,76,805,1.1884964923469385,57,754,1.044642857142857,2.8125,0.3714285714285714,0.4045177045177045,0.500377586467301,3.1113626956939697
255,,,"",75,806,0.30492665816326525,68,791,0.45535714285714285,0.8303571428571428,0.5483870967741936,0.8064516129032258,0.9815242494226328,63.113136291503906
256,,,e,3807,790,0.6783721301020407,3793,737,0.8035714285714285,2.7857142857142856,0.28846153846153844,0.3030448717948718,0.4315381104518485,2.05096435546875
257,,,e,357,790,0.6783721301020407,343,737,0.8035714285714285,2.7857142857142856,0.28846153846153844,0.3030448717948718,0.4315381104518485,2.0509207248687744
258,,,s,144,787,1.254862882653061,126,735,1.0178571428571428,2.839285714285714,0.3584905660377359,0.43421052631578944,0.5308848080133556,2.5308377742767334
259,,,"",144,787,0.2877072704081632,137,772,0.42857142857142855,0.8571428571428571,0.5,0.7832031249999999,0.976857490864799,67.01193237304688
260,,,m,3430,787,0.44196428571428564,3428,710,0.13392857142857142,4.151785714285714,0.03225806451612903,0.7948387096774192,1.0,0.0
261,,,m,3049,786,0.34295280612244894,3047,710,0.13392857142857142,4.151785714285714,0.03225806451612903,0.616774193548387,0.775974025974026,0.0003682286769617349
262,,,"",2459,758,2.63313137755102,2439,710,1.3125,4.607142857142857,0.28488372093023256,0.435453251067869,0.6570584549279384,4.80718994140625
263,,,m,2365,787,0.44196428571428564,2363,710,0.13392857142857142,4.151785714285714,0.03225806451612903,0.7948387096774192,1.0,0.0
264,,,m,1985,787,0.44196428571428564,1983,710,0.13392857142857142,4.151785714285714,0.03225806451612903,0.7948387096774192,1.0,0.0
265,,,"",1801,758,2.630978954081632,1781,710,1.3125,4.607142857142857,0.28488372093023256,0.4350972947318462,0.6561102164966899,5.20615291595459
266,,,"",1598,758,2.6259566326530606,1578,710,1.3125,4.607142857142857,0.28488372093023256,0.43426672994779303,0.6601731601731601,4.456509590148926
267,,,m,1300,787,0.44196428571428564,1298,710,0.13392857142857142,4.151785714285714,0.03225806451612903,0.7948387096774192,1.0,0.0
268,,,m,920,787,0.44196428571428564,918,710,0.13392857142857142,4.151785714285714,0.03225806451612903,0.7948387096774192,1.0,0.0
269,,,"",248,744,1.107063137755102,216,710,1.4464285714285714,1.9553571428571428,0.7397260273972602,0.39142567224759,0.47660231660231667,4.741798400878906
270,,,s,41,749,1.2505580357142854,23,698,1.0178571428571428,2.8125,0.3619047619047619,0.4368421052631578,0.5318889227952395,3.1119401454925537
271,,,"",41,749,0.28734853316326525,34,735,0.42857142857142855,0.8303571428571428,0.5161290322580645,0.8074596774193548,0.9804161566707468,65.00576782226562
272,,,"",2072,790,2.772680165816326,2052,691,1.3125,7.124999999999999,0.1842105263157895,0.2964937854841184,0.38749623984758846,1.6533969640731812
273,,,d,3197,693,0.1122847576530612,3190,687,0.40178571428571425,0.40178571428571425,1.0,0.6955555555555556,0.9690402476780186,9.700488090515137
274,,,d,2132,693,0.1122847576530612,2125,687,0.40178571428571425,0.40178571428571425,1.0,0.6955555555555556,0.9690402476780186,9.700488090515137
275,,,s,110,731,1.2684948979591835,92,679,1.0178571428571428,2.8125,0.3619047619047619,0.4431077694235589,0.5365705614567527,3.205432653427124
276,,,"",110,731,0.2877072704081632,103,716,0.42857142857142855,0.8303571428571428,0.5161290322580645,0.8084677419354838,0.9780487804878047,70.58673858642578
277,,,"",2866,743,2.6984215561224483,2846,674,1.3125,5.571428571428571,0.2355769230769231,0.3690149136577707,0.5166208791208791,2.795896053314209
278,,,"",2663,722,2.5821906887755097,2643,674,1.3125,4.553571428571428,0.2882352941176471,0.4320528211284514,0.6598221651847099,10.374555587768555
279,,,"",1394,743,2.6998565051020402,1374,674,1.3125,5.571428571428571,0.2355769230769231,0.3692111459968602,0.5169666162934469,2.8140783309936523
280,,,"",3524,742,2.780213647959183,3504,673,1.3125,5.598214285714286,0.23444976076555024,0.37838101747876174,0.5310401534877347,2.358273983001709
281,,,"",3137,769,2.7163584183673466,3117,673,1.3125,7.098214285714286,0.1849056603773585,0.2915671929149018,0.3788841631223418,2.319978713989258
282,,,"",1006,770,2.930524553571428,974,654,2.008928571428571,8.116071428571429,0.2475247524752475,0.1797359735973597,0.27545859185325056,2.0482234954833984
283,,,d,1067,656,0.10977359693877549,1060,649,0.40178571428571425,0.40178571428571425,1.0,0.68,0.9683544303797468,45.0
284,,,"",743,725,2.5660475127551017,717,594,1.3125,5.25,0.25,0.3723969179508538,0.5117693353366245,2.4935555458068848
285,,,"",539,725,2.553132971938775,513,594,1.3125,5.25,0.25,0.37052269887546846,0.5110217563007109,2.7440643310546875
286,,,d,3197,320,0.1122847576530612,3190,314,0.40178571428571425,0.40178571428571425,1.0,0.6955555555555556,0.9690402476780186,9.700488090515137
287,,,d,2132,320,0.1122847576530612,2125,314,0.40178571428571425,0.40178571428571425,1.0,0.6955555555555556,0.9690402476780186,9.700488090515137
288,,,d,1067,320,0.1122847576530612,1060,314,0.40178571428571425,0.40178571428571425,1.0,0.6955555555555556,0.9690402476780186,9.700488090515137
289,,,d,1067,283,0.10977359693877549,1060,276,0.40178571428571425,0.40178571428571425,1.0,0.68,0.9683544303797468,45.0
290,,,"",246,300,1.4855309311224487,216,262,1.4732142857142856,1.9285714285714284,0.763888888888889,0.5228535353535353,0.7651515151515152,33.36867904663086
291,,,"",237,297,0.27228156887755095,221,279,0.6964285714285714,0.8035714285714285,0.8666666666666667,0.48653846153846153,0.947565543071161,0.0
292,,,"",2662,313,2.577168367346938,2642,245,1.3392857142857142,5.571428571428571,0.2403846153846154,0.34538461538461535,0.4843581445523193,3.4937915802001953
293,,,"",2459,313,2.569993622448979,2439,245,1.3125,5.571428571428571,0.2355769230769231,0.3514521193092621,0.4904497843499692,3.6356523036956787
294,,,d,2132,245,0.1122847576530612,2125,239,0.40178571428571425,0.40178571428571425,1.0,0.6955555555555556,0.9690402476780186,9.700488090515137
295,,,"",2072,300,2.686941964285714,2052,224,1.3125,6.133928571428571,0.21397379912663755,0.3337492202121023,0.45215816480531246,2.073286533355713
296,,,e,3807,267,0.6783721301020407,3793,214,0.8035714285714285,2.7857142857142856,0.28846153846153844,0.3030448717948718,0.4315381104518485,2.050964832305908
297,,,e,357,267,0.6783721301020407,343,214,0.8035714285714285,2.7857142857142856,0.28846153846153844,0.3030448717948718,0.4315381104518485,2.0509209632873535
298,,,"",3137,284,2.6862244897959178,3117,206,1.3125,6.107142857142857,0.2149122807017544,0.33512352309344784,0.4589360137288551,2.180783987045288
299,,,d,3197,208,0.10977359693877549,3190,201,0.40178571428571425,0.40178571428571425,1.0,0.68,0.9683544303797468,45.0
300,,,s,76,245,1.1834741709183672,57,193,1.044642857142857,2.839285714285714,0.36792452830188677,0.3990082244799226,0.49992423094408245,3.5328614711761475
301,,,s,75,245,0.3060028698979591,68,230,0.45535714285714285,0.8571428571428571,0.53125,0.7840073529411764,0.9770904925544099,67.34693908691406
302,,,"",3523,265,2.807477678571428,3504,187,1.3125,6.107142857142857,0.2149122807017544,0.350250626566416,0.47096347114400916,1.583883285522461
303,,,m,3430,264,0.44196428571428564,3428,187,0.13392857142857142,4.151785714285714,0.03225806451612903,0.7948387096774192,1.0,0.0
304,,,m,3049,263,0.34295280612244894,3047,187,0.13392857142857142,4.151785714285714,0.03225806451612903,0.616774193548387,0.775974025974026,0.0003682053938973695
305,,,"",2865,265,2.7360889668367343,2846,187,1.3125,6.107142857142857,0.2149122807017544,0.341344432509846,0.45884971724220913,2.4848718643188477
306,,,m,2365,264,0.44196428571428564,2363,187,0.13392857142857142,4.151785714285714,0.03225806451612903,0.7948387096774192,1.0,0.0
307,,,m,1985,264,0.44196428571428564,1983,187,0.13392857142857142,4.151785714285714,0.03225806451612903,0.7948387096774192,1.0,0.0
308,,,"",1401,310,2.5219228316326525,1374,187,1.3125,4.633928571428571,0.2832369942196532,0.4146514096968266,0.6280711158759938,5.0014238357543945
309,,,m,1300,264,0.44196428571428564,1298,187,0.13392857142857142,4.151785714285714,0.03225806451612903,0.7948387096774192,1.0,0.0
310,,,m,920,264,0.44196428571428564,918,187,0.13392857142857142,4.151785714285714,0.03225806451612903,0.7948387096774192,1.0,0.0
311,,,"",743,312,2.447664221938775,716,187,1.3392857142857142,4.633928571428571,0.28901734104046245,0.394393063583815,0.606488888888889,4.842861652374268
312,,,"",539,312,2.446229272959183,512,187,1.3392857142857142,4.633928571428571,0.28901734104046245,0.3941618497109826,0.6059717408691015,5.309981822967529
313,,,"",248,221,1.107063137755102,216,187,1.4464285714285714,1.9553571428571428,0.7397260273972602,0.39142567224759,0.47660231660231667,4.741798400878906
314,,,s,144,226,1.2501992984693875,126,175,1.0178571428571428,2.8125,0.3619047619047619,0.43671679197994984,0.5317363442172719,3.0856218338012695
315,,,"",144,226,0.28734853316326525,137,212,0.42857142857142855,0.8303571428571428,0.5161290322580645,0.8074596774193548,0.9804161566707468,65.00576782226562
316,,,"",1014,300,2.710259885204081,987,171,1.3125,5.116071428571428,0.2565445026178011,0.40362218185703597,0.5943203272498426,4.070441722869873
317,,,"",1808,292,2.449099170918367,1781,153,1.3125,5.544642857142857,0.23671497584541065,0.3365375135561471,0.4689517790905344,3.861156463623047
318,,,"",1604,292,2.4605787627551017,1577,153,1.3392857142857142,5.544642857142857,0.24154589371980675,0.3313526570048309,0.46232138042599086,4.053154945373535
319,,,s,41,189,1.254504145408163,23,137,1.0178571428571428,2.839285714285714,0.3584905660377359,0.43408639523336634,0.5312167704693909,2.3863532543182373
320,,,"",41,189,0.2877072704081632,34,174,0.42857142857142855,0.8571428571428571,0.5,0.7832031249999999,0.976857490864799,67.01193237304688
321,,,s,110,170,1.2595264668367345,92,118,1.0178571428571428,2.839285714285714,0.3584905660377359,0.43582423038728896,0.5331814730447989,2.9658150672912598
322,,,"",110,170,0.2877072704081632,103,155,0.42857142857142855,0.8571428571428571,0.5,0.7832031249999999,0.976857490864799,67.01193237304688
